,age,workclass,fnlwgt,education,educational-num,marital-status,race,gender,capital-gain,capital-loss,hours-per-week,native-country,y
1217,28.0,0.0,150025.0,1.0,9.0,1.0,1.0,0.0,0.0,0.0,40.0,12.0,0.0
23059,51.0,0.0,180807.0,3.0,10.0,3.0,1.0,1.0,0.0,0.0,40.0,0.0,0.0
35270,40.0,2.0,507086.0,1.0,9.0,3.0,0.0,1.0,0.0,0.0,32.0,0.0,0.0
37710,32.0,0.0,118551.0,8.0,14.0,0.0,1.0,1.0,0.0,0.0,45.0,0.0,1.0
29861,38.0,3.0,112158.0,1.0,9.0,1.0,1.0,0.0,0.0,0.0,99.0,0.0,0.0
19611,36.0,2.0,356838.0,13.0,8.0,0.0,1.0,0.0,0.0,0.0,35.0,0.0,0.0
27808,52.0,0.0,226084.0,1.0,9.0,2.0,1.0,1.0,0.0,0.0,40.0,0.0,0.0
46362,39.0,0.0,89040.0,11.0,11.0,1.0,1.0,0.0,0.0,0.0,40.0,0.0,0.0
27692,21.0,0.0,254904.0,1.0,9.0,0.0,1.0,1.0,0.0,0.0,30.0,0.0,0.0
5968,32.0,1.0,226296.0,8.0,14.0,1.0,1.0,0.0,0.0,0.0,50.0,0.0,1.0
11675,61.0,5.0,347445.0,8.0,14.0,1.0,1.0,0.0,0.0,0.0,40.0,0.0,1.0
21320,44.0,4.0,44822.0,3.0,10.0,1.0,1.0,0.0,0.0,0.0,40.0,0.0,0.0
33669,39.0,0.0,141584.0,8.0,14.0,0.0,1.0,0.0,0.0,2444.0,45.0,0.0,1.0
36371,63.0,3.0,404547.0,1.0,9.0,1.0,1.0,0.0,0.0,0.0,30.0,0.0,0.0
45623,31.0,0.0,184889.0,1.0,9.0,0.0,0.0,1.0,0.0,0.0,20.0,0.0,0.0
17282,50.0,0.0,168212.0,9.0,16.0,1.0,1.0,0.0,0.0,1902.0,65.0,0.0,1.0
38876,50.0,0.0,55527.0,2.0,12.0,3.0,0.0,0.0,0.0,0.0,45.0,0.0,0.0
26811,67.0,1.0,233681.0,2.0,12.0,1.0,1.0,0.0,0.0,0.0,35.0,0.0,0.0
45333,29.0,0.0,124953.0,7.0,13.0,0.0,1.0,0.0,0.0,0.0,50.0,0.0,0.0
22764,43.0,0.0,170214.0,3.0,10.0,1.0,1.0,0.0,0.0,0.0,50.0,0.0,1.0
46750,27.0,3.0,259873.0,1.0,9.0,1.0,0.0,0.0,0.0,0.0,60.0,0.0,1.0
30816,20.0,2.0,200967.0,3.0,10.0,0.0,1.0,1.0,0.0,0.0,12.0,0.0,0.0
15483,18.0,0.0,201613.0,0.0,7.0,0.0,1.0,1.0,0.0,0.0,5.0,0.0,0.0
12759,47.0,0.0,101825.0,1.0,9.0,1.0,1.0,1.0,0.0,0.0,40.0,0.0,1.0
17014,25.0,0.0,332702.0,11.0,11.0,0.0,1.0,1.0,0.0,0.0,15.0,0.0,0.0
26838,46.0,0.0,102308.0,1.0,9.0,1.0,1.0,0.0,0.0,0.0,56.0,0.0,1.0
43950,17.0,0.0,113301.0,0.0,7.0,0.0,1.0,0.0,0.0,0.0,12.0,1.0,0.0
47724,30.0,5.0,54318.0,0.0,7.0,1.0,1.0,0.0,0.0,0.0,40.0,0.0,0.0
45542,42.0,0.0,240255.0,11.0,11.0,1.0,0.0,0.0,0.0,0.0,40.0,0.0,1.0
31178,41.0,0.0,225892.0,3.0,10.0,1.0,1.0,0.0,0.0,0.0,48.0,0.0,1.0
28015,65.0,2.0,293385.0,15.0,1.0,1.0,0.0,0.0,0.0,0.0,30.0,0.0,0.0
695,21.0,0.0,256504.0,1.0,9.0,0.0,1.0,1.0,0.0,0.0,40.0,0.0,0.0
37724,31.0,0.0,325658.0,1.0,9.0,3.0,1.0,0.0,0.0,0.0,40.0,0.0,0.0
32587,27.0,0.0,169117.0,1.0,9.0,1.0,0.0,1.0,0.0,1887.0,40.0,0.0,1.0
21939,38.0,0.0,169926.0,2.0,12.0,1.0,1.0,1.0,0.0,1902.0,40.0,0.0,1.0
31882,32.0,0.0,125856.0,2.0,12.0,1.0,1.0,0.0,0.0,0.0,60.0,0.0,1.0
1329,33.0,0.0,150324.0,11.0,11.0,1.0,1.0,0.0,0.0,0.0,40.0,0.0,0.0
18633,37.0,0.0,82521.0,7.0,13.0,1.0,1.0,0.0,15024.0,0.0,40.0,0.0,1.0
22072,35.0,0.0,212465.0,1.0,9.0,1.0,1.0,0.0,0.0,0.0,40.0,0.0,1.0
6769,38.0,6.0,225860.0,1.0,9.0,3.0,1.0,0.0,0.0,0.0,40.0,0.0,0.0
13333,33.0,0.0,260560.0,1.0,9.0,1.0,1.0,0.0,0.0,0.0,40.0,0.0,0.0
31353,62.0,0.0,113440.0,7.0,13.0,1.0,1.0,0.0,0.0,0.0,35.0,0.0,0.0
2499,29.0,0.0,116531.0,8.0,14.0,0.0,1.0,1.0,0.0,0.0,40.0,0.0,0.0
29994,26.0,0.0,142914.0,2.0,12.0,1.0,1.0,1.0,0.0,0.0,75.0,0.0,0.0
287,46.0,0.0,157857.0,3.0,10.0,1.0,1.0,0.0,0.0,0.0,40.0,0.0,1.0
32968,23.0,0.0,386705.0,3.0,10.0,0.0,1.0,0.0,0.0,0.0,24.0,0.0,0.0
27038,39.0,0.0,230054.0,8.0,14.0,1.0,1.0,0.0,0.0,0.0,50.0,0.0,1.0
17166,63.0,2.0,149698.0,3.0,10.0,1.0,1.0,0.0,0.0,0.0,15.0,0.0,0.0
9627,39.0,0.0,215981.0,3.0,10.0,1.0,1.0,0.0,0.0,0.0,40.0,0.0,1.0
25965,60.0,1.0,113658.0,3.0,10.0,1.0,1.0,1.0,0.0,0.0,35.0,0.0,0.0
18156,63.0,0.0,174018.0,3.0,10.0,1.0,0.0,0.0,0.0,0.0,40.0,0.0,1.0
34282,36.0,0.0,178815.0,7.0,13.0,0.0,1.0,0.0,8614.0,0.0,40.0,0.0,1.0
38483,20.0,0.0,244406.0,1.0,9.0,0.0,0.0,1.0,0.0,0.0,40.0,0.0,0.0
14462,24.0,0.0,142566.0,4.0,6.0,0.0,1.0,0.0,0.0,0.0,45.0,0.0,0.0
46180,42.0,4.0,460214.0,3.0,10.0,1.0,1.0,0.0,0.0,0.0,40.0,0.0,1.0
45938,55.0,0.0,184882.0,11.0,11.0,1.0,1.0,0.0,5178.0,0.0,50.0,0.0,1.0
4300,49.0,1.0,371886.0,11.0,11.0,1.0,1.0,0.0,0.0,0.0,56.0,0.0,1.0
44111,25.0,0.0,50103.0,1.0,9.0,0.0,1.0,1.0,0.0,0.0,40.0,0.0,0.0
37742,43.0,0.0,50197.0,4.0,6.0,4.0,0.0,1.0,0.0,0.0,40.0,0.0,0.0
3615,52.0,1.0,181132.0,1.0,9.0,1.0,1.0,0.0,0.0,1887.0,40.0,0.0,1.0
30949,30.0,0.0,185027.0,7.0,13.0,1.0,1.0,0.0,0.0,0.0,40.0,0.0,1.0
8899,42.0,0.0,49255.0,8.0,14.0,1.0,1.0,0.0,4386.0,0.0,40.0,0.0,1.0
39251,51.0,4.0,20795.0,1.0,9.0,1.0,1.0,0.0,7688.0,0.0,40.0,0.0,1.0
25280,20.0,0.0,189148.0,1.0,9.0,1.0,1.0,0.0,0.0,0.0,48.0,0.0,0.0
27946,29.0,0.0,196116.0,5.0,15.0,3.0,1.0,1.0,2174.0,0.0,72.0,0.0,0.0
27807,18.0,2.0,28357.0,3.0,10.0,0.0,1.0,1.0,0.0,0.0,20.0,0.0,0.0
32013,38.0,3.0,140117.0,3.0,10.0,0.0,1.0,1.0,0.0,0.0,20.0,0.0,0.0
8724,29.0,0.0,334032.0,3.0,10.0,0.0,1.0,0.0,0.0,0.0,40.0,0.0,0.0
5930,29.0,0.0,87632.0,0.0,7.0,1.0,1.0,0.0,0.0,0.0,40.0,0.0,0.0
13437,21.0,0.0,92898.0,1.0,9.0,0.0,1.0,1.0,0.0,0.0,40.0,0.0,0.0
3645,50.0,1.0,306985.0,8.0,14.0,1.0,1.0,1.0,0.0,2415.0,50.0,0.0,1.0
2609,21.0,0.0,214956.0,3.0,10.0,0.0,1.0,0.0,0.0,0.0,30.0,0.0,0.0
13404,47.0,0.0,165517.0,8.0,14.0,1.0,1.0,1.0,0.0,0.0,40.0,0.0,1.0
25368,33.0,0.0,165814.0,1.0,9.0,1.0,0.0,0.0,0.0,0.0,40.0,0.0,0.0
22000,37.0,0.0,170408.0,11.0,11.0,3.0,1.0,1.0,0.0,0.0,30.0,0.0,0.0
11890,33.0,0.0,241697.0,3.0,10.0,5.0,4.0,0.0,0.0,1602.0,40.0,0.0,0.0
45783,25.0,1.0,476599.0,7.0,13.0,0.0,1.0,1.0,0.0,0.0,40.0,0.0,0.0
29183,25.0,5.0,183678.0,7.0,13.0,0.0,1.0,1.0,0.0,0.0,50.0,0.0,0.0
46855,45.0,5.0,32186.0,7.0,13.0,4.0,1.0,1.0,0.0,0.0,40.0,0.0,0.0
7451,24.0,0.0,195770.0,3.0,10.0,0.0,1.0,0.0,0.0,0.0,40.0,0.0,0.0
6171,41.0,1.0,248748.0,7.0,13.0,0.0,0.0,1.0,0.0,0.0,40.0,0.0,0.0
48434,65.0,0.0,174603.0,10.0,3.0,2.0,1.0,1.0,0.0,0.0,10.0,24.0,0.0
10883,65.0,2.0,180422.0,2.0,12.0,0.0,1.0,0.0,6723.0,0.0,38.0,0.0,0.0
12138,48.0,1.0,169515.0,7.0,13.0,3.0,0.0,1.0,0.0,0.0,43.0,0.0,1.0
2709,31.0,0.0,268282.0,6.0,4.0,1.0,1.0,0.0,0.0,0.0,35.0,4.0,0.0
5273,19.0,0.0,144793.0,0.0,7.0,0.0,1.0,0.0,0.0,0.0,40.0,0.0,0.0
20168,31.0,2.0,26553.0,7.0,13.0,1.0,1.0,1.0,0.0,0.0,25.0,0.0,1.0
31414,46.0,0.0,241935.0,0.0,7.0,1.0,0.0,0.0,7688.0,0.0,40.0,0.0,1.0
42653,41.0,0.0,176452.0,1.0,9.0,1.0,1.0,0.0,0.0,0.0,40.0,2.0,0.0
44531,51.0,0.0,313146.0,1.0,9.0,1.0,1.0,0.0,0.0,0.0,40.0,0.0,0.0
30430,37.0,0.0,126675.0,1.0,9.0,1.0,1.0,0.0,0.0,0.0,40.0,0.0,0.0
15445,24.0,1.0,184975.0,7.0,13.0,0.0,1.0,1.0,0.0,0.0,40.0,0.0,0.0
13669,60.0,0.0,154589.0,1.0,9.0,1.0,1.0,0.0,3103.0,0.0,35.0,0.0,1.0
44681,25.0,6.0,161007.0,1.0,9.0,1.0,1.0,0.0,0.0,0.0,40.0,0.0,0.0
40852,29.0,1.0,177398.0,8.0,14.0,1.0,1.0,1.0,0.0,0.0,40.0,0.0,1.0
5333,58.0,0.0,163150.0,1.0,9.0,2.0,1.0,1.0,0.0,0.0,28.0,0.0,0.0
31054,44.0,0.0,755858.0,1.0,9.0,1.0,1.0,0.0,0.0,0.0,70.0,0.0,1.0
46612,62.0,0.0,257277.0,1.0,9.0,2.0,1.0,1.0,0.0,0.0,38.0,0.0,0.0
2550,18.0,0.0,115725.0,0.0,7.0,0.0,1.0,1.0,0.0,0.0,12.0,0.0,0.0
28403,27.0,0.0,347513.0,3.0,10.0,0.0,1.0,1.0,0.0,0.0,40.0,0.0,0.0
29541,33.0,3.0,334744.0,3.0,10.0,1.0,1.0,0.0,0.0,0.0,50.0,0.0,1.0
23034,61.0,2.0,198542.0,7.0,13.0,3.0,1.0,1.0,0.0,0.0,40.0,0.0,0.0
41597,40.0,0.0,321856.0,1.0,9.0,3.0,1.0,0.0,0.0,0.0,60.0,0.0,1.0
3467,52.0,0.0,101113.0,1.0,9.0,1.0,1.0,0.0,0.0,0.0,66.0,0.0,1.0
16341,30.0,0.0,59496.0,7.0,13.0,1.0,1.0,0.0,2407.0,0.0,40.0,0.0,0.0
7626,53.0,0.0,108836.0,12.0,5.0,1.0,1.0,0.0,0.0,0.0,40.0,0.0,0.0
36727,34.0,0.0,114639.0,3.0,10.0,0.0,1.0,0.0,0.0,0.0,20.0,0.0,0.0
36204,28.0,0.0,183151.0,0.0,7.0,1.0,1.0,0.0,7688.0,0.0,40.0,0.0,1.0
41275,52.0,0.0,89041.0,1.0,9.0,1.0,1.0,0.0,0.0,0.0,40.0,0.0,0.0
14250,36.0,0.0,139180.0,11.0,11.0,1.0,0.0,1.0,0.0,0.0,40.0,0.0,0.0
9592,34.0,0.0,247328.0,1.0,9.0,0.0,1.0,0.0,0.0,0.0,40.0,0.0,0.0
44476,28.0,0.0,226891.0,3.0,10.0,0.0,2.0,1.0,0.0,0.0,30.0,1.0,0.0
28013,76.0,2.0,312500.0,10.0,3.0,2.0,1.0,1.0,0.0,0.0,40.0,0.0,0.0
12992,43.0,0.0,318415.0,3.0,10.0,3.0,0.0,1.0,0.0,0.0,40.0,0.0,0.0
20633,28.0,0.0,87239.0,1.0,9.0,3.0,1.0,0.0,0.0,0.0,50.0,0.0,0.0
16430,43.0,2.0,174662.0,3.0,10.0,3.0,1.0,1.0,0.0,0.0,40.0,0.0,0.0
21420,40.0,5.0,270324.0,11.0,11.0,1.0,0.0,0.0,0.0,0.0,30.0,0.0,0.0
162,22.0,0.0,388885.0,1.0,9.0,1.0,1.0,0.0,0.0,0.0,45.0,0.0,0.0
20516,26.0,5.0,28366.0,7.0,13.0,0.0,1.0,0.0,0.0,0.0,40.0,0.0,0.0
11596,25.0,0.0,67151.0,7.0,13.0,0.0,1.0,1.0,0.0,0.0,60.0,0.0,0.0
33640,33.0,4.0,117963.0,7.0,13.0,0.0,1.0,0.0,0.0,0.0,38.0,0.0,0.0
25817,52.0,2.0,105428.0,3.0,10.0,1.0,1.0,0.0,0.0,0.0,12.0,0.0,0.0
8317,38.0,0.0,133935.0,1.0,9.0,1.0,1.0,0.0,0.0,0.0,41.0,11.0,1.0
42016,30.0,0.0,113364.0,1.0,9.0,0.0,1.0,0.0,0.0,0.0,40.0,13.0,0.0
45126,31.0,0.0,272856.0,1.0,9.0,0.0,0.0,0.0,0.0,0.0,50.0,21.0,0.0
10915,31.0,0.0,236543.0,10.0,3.0,1.0,1.0,0.0,0.0,0.0,40.0,4.0,0.0
43640,38.0,0.0,197113.0,3.0,10.0,3.0,0.0,1.0,0.0,0.0,20.0,0.0,0.0
15716,46.0,4.0,196649.0,1.0,9.0,3.0,1.0,0.0,0.0,0.0,40.0,0.0,0.0
37193,42.0,0.0,145175.0,3.0,10.0,1.0,1.0,0.0,0.0,0.0,40.0,0.0,0.0
13466,58.0,4.0,26947.0,7.0,13.0,2.0,4.0,1.0,0.0,0.0,40.0,0.0,0.0
46828,18.0,0.0,137646.0,0.0,7.0,0.0,1.0,1.0,0.0,0.0,15.0,0.0,0.0
40820,18.0,0.0,120029.0,1.0,9.0,0.0,1.0,1.0,0.0,0.0,40.0,0.0,0.0
46978,24.0,0.0,241752.0,1.0,9.0,0.0,1.0,0.0,0.0,0.0,40.0,0.0,0.0
4971,19.0,0.0,176806.0,12.0,5.0,1.0,1.0,0.0,0.0,0.0,40.0,0.0,0.0
35261,53.0,0.0,149650.0,1.0,9.0,0.0,1.0,0.0,0.0,2559.0,48.0,0.0,1.0
15096,35.0,0.0,323120.0,2.0,12.0,0.0,1.0,1.0,0.0,0.0,44.0,0.0,1.0
37459,32.0,5.0,481096.0,10.0,3.0,0.0,1.0,1.0,0.0,0.0,10.0,0.0,0.0
31693,36.0,0.0,293528.0,11.0,11.0,0.0,1.0,1.0,0.0,0.0,3.0,0.0,0.0
16038,25.0,0.0,96862.0,1.0,9.0,0.0,1.0,1.0,2174.0,0.0,40.0,0.0,0.0
1376,33.0,1.0,83413.0,3.0,10.0,1.0,1.0,0.0,0.0,0.0,50.0,0.0,1.0
45739,39.0,0.0,167777.0,0.0,7.0,1.0,1.0,0.0,0.0,0.0,35.0,0.0,0.0
23403,38.0,3.0,245090.0,12.0,5.0,1.0,1.0,0.0,0.0,0.0,40.0,4.0,0.0
21124,37.0,4.0,289653.0,3.0,10.0,1.0,1.0,0.0,0.0,0.0,40.0,0.0,0.0
9636,17.0,2.0,34505.0,0.0,7.0,0.0,1.0,0.0,0.0,0.0,50.0,0.0,0.0
15648,31.0,0.0,185216.0,7.0,13.0,1.0,1.0,0.0,0.0,0.0,40.0,0.0,1.0
27816,42.0,3.0,82161.0,4.0,6.0,2.0,1.0,0.0,0.0,0.0,35.0,0.0,0.0
6869,69.0,2.0,214923.0,5.0,15.0,1.0,1.0,0.0,0.0,0.0,35.0,0.0,1.0
24476,38.0,0.0,201328.0,7.0,13.0,1.0,1.0,0.0,0.0,0.0,50.0,0.0,1.0
3241,43.0,0.0,120277.0,7.0,13.0,0.0,1.0,0.0,0.0,0.0,45.0,0.0,0.0
2123,40.0,0.0,232820.0,11.0,11.0,3.0,4.0,1.0,0.0,0.0,40.0,0.0,0.0
15948,40.0,0.0,77370.0,1.0,9.0,1.0,1.0,0.0,0.0,0.0,40.0,0.0,1.0
7409,22.0,0.0,21154.0,1.0,9.0,0.0,1.0,1.0,0.0,1590.0,32.0,0.0,0.0
395,37.0,0.0,79586.0,1.0,9.0,4.0,2.0,0.0,0.0,0.0,60.0,0.0,0.0
9524,72.0,2.0,144461.0,2.0,12.0,1.0,1.0,0.0,0.0,0.0,16.0,0.0,1.0
33410,36.0,0.0,209629.0,1.0,9.0,1.0,1.0,0.0,0.0,0.0,40.0,0.0,0.0
27906,35.0,1.0,102938.0,1.0,9.0,1.0,1.0,0.0,0.0,0.0,40.0,0.0,0.0
17347,35.0,0.0,199352.0,5.0,15.0,1.0,1.0,0.0,0.0,1977.0,80.0,0.0,1.0
29606,33.0,0.0,355856.0,2.0,12.0,1.0,2.0,0.0,0.0,0.0,60.0,0.0,0.0
32496,48.0,0.0,39986.0,1.0,9.0,0.0,1.0,0.0,0.0,0.0,40.0,0.0,0.0
43636,21.0,5.0,96483.0,3.0,10.0,0.0,2.0,1.0,0.0,0.0,12.0,0.0,0.0
38989,53.0,1.0,283602.0,8.0,14.0,1.0,1.0,1.0,15024.0,0.0,40.0,0.0,1.0
20470,67.0,3.0,141797.0,6.0,4.0,1.0,1.0,0.0,0.0,0.0,40.0,0.0,0.0
48340,55.0,0.0,183580.0,3.0,10.0,1.0,1.0,0.0,0.0,0.0,38.0,0.0,0.0
36433,52.0,6.0,114758.0,7.0,13.0,1.0,1.0,0.0,15024.0,0.0,50.0,0.0,1.0
1684,23.0,0.0,238179.0,1.0,9.0,0.0,1.0,0.0,0.0,2339.0,45.0,0.0,0.0
29186,37.0,0.0,168941.0,0.0,7.0,3.0,1.0,0.0,0.0,0.0,40.0,0.0,0.0
31522,40.0,0.0,220563.0,13.0,8.0,3.0,1.0,0.0,0.0,0.0,40.0,0.0,0.0
22799,49.0,0.0,61307.0,6.0,4.0,1.0,3.0,0.0,0.0,0.0,38.0,0.0,0.0
20909,29.0,0.0,250679.0,1.0,9.0,0.0,1.0,0.0,0.0,0.0,40.0,0.0,0.0
8901,49.0,0.0,235095.0,0.0,7.0,1.0,1.0,0.0,0.0,0.0,40.0,0.0,0.0
9918,64.0,0.0,110110.0,0.0,7.0,1.0,0.0,0.0,0.0,0.0,40.0,0.0,0.0
39552,29.0,0.0,326330.0,3.0,10.0,3.0,1.0,1.0,1831.0,0.0,40.0,0.0,0.0
8231,66.0,2.0,52654.0,0.0,7.0,1.0,1.0,0.0,0.0,0.0,32.0,0.0,0.0
32865,26.0,0.0,139116.0,3.0,10.0,0.0,0.0,1.0,0.0,0.0,50.0,0.0,0.0
33996,37.0,0.0,549174.0,1.0,9.0,1.0,1.0,0.0,0.0,0.0,50.0,0.0,1.0
21777,43.0,0.0,266439.0,1.0,9.0,3.0,1.0,0.0,0.0,0.0,45.0,0.0,0.0
40447,46.0,0.0,273575.0,7.0,13.0,1.0,1.0,0.0,15024.0,0.0,40.0,0.0,1.0
17669,19.0,2.0,194095.0,3.0,10.0,0.0,1.0,0.0,0.0,0.0,40.0,0.0,0.0
25091,37.0,4.0,408229.0,1.0,9.0,3.0,1.0,1.0,0.0,0.0,40.0,0.0,0.0
44444,24.0,0.0,417668.0,7.0,13.0,0.0,1.0,0.0,0.0,0.0,30.0,0.0,0.0
2270,28.0,1.0,205903.0,2.0,12.0,1.0,1.0,0.0,0.0,0.0,45.0,0.0,1.0
46165,30.0,0.0,177304.0,3.0,10.0,1.0,1.0,0.0,0.0,0.0,44.0,0.0,0.0
45486,23.0,0.0,314894.0,1.0,9.0,0.0,1.0,1.0,0.0,0.0,45.0,0.0,0.0
26671,64.0,0.0,110150.0,1.0,9.0,1.0,1.0,0.0,0.0,0.0,40.0,0.0,0.0
30107,26.0,0.0,56929.0,7.0,13.0,0.0,0.0,0.0,0.0,0.0,50.0,1.0,0.0
15229,36.0,0.0,172706.0,1.0,9.0,1.0,1.0,0.0,0.0,0.0,40.0,0.0,0.0
4426,30.0,0.0,408328.0,15.0,1.0,5.0,1.0,0.0,0.0,0.0,40.0,4.0,0.0
18148,36.0,4.0,128884.0,1.0,9.0,3.0,1.0,1.0,0.0,0.0,48.0,0.0,0.0
22307,29.0,0.0,297544.0,1.0,9.0,1.0,1.0,0.0,0.0,0.0,40.0,0.0,0.0
39947,35.0,1.0,226311.0,3.0,10.0,3.0,1.0,1.0,0.0,0.0,38.0,0.0,0.0
18178,26.0,0.0,157249.0,0.0,7.0,0.0,1.0,0.0,0.0,0.0,40.0,0.0,0.0
21670,42.0,3.0,207392.0,1.0,9.0,1.0,1.0,0.0,0.0,0.0,12.0,0.0,0.0
31929,26.0,3.0,93806.0,3.0,10.0,1.0,1.0,0.0,0.0,0.0,55.0,0.0,0.0
9271,52.0,0.0,94448.0,11.0,11.0,1.0,1.0,0.0,0.0,0.0,40.0,0.0,0.0
18662,17.0,0.0,317681.0,0.0,7.0,0.0,1.0,0.0,0.0,0.0,10.0,0.0,0.0
12094,53.0,0.0,157229.0,2.0,12.0,1.0,2.0,1.0,0.0,0.0,40.0,17.0,0.0
18085,41.0,0.0,107306.0,1.0,9.0,0.0,1.0,0.0,2174.0,0.0,40.0,0.0,0.0
518,41.0,0.0,177989.0,9.0,16.0,1.0,1.0,0.0,0.0,2051.0,60.0,0.0,0.0
19439,59.0,1.0,62020.0,1.0,9.0,2.0,0.0,0.0,0.0,0.0,40.0,0.0,0.0
13691,31.0,0.0,143851.0,2.0,12.0,1.0,1.0,1.0,0.0,0.0,40.0,0.0,1.0
3509,52.0,0.0,145409.0,4.0,6.0,1.0,1.0,0.0,0.0,0.0,48.0,0.0,0.0
1738,29.0,0.0,175639.0,3.0,10.0,3.0,1.0,1.0,0.0,0.0,28.0,0.0,0.0
38342,28.0,0.0,210945.0,2.0,12.0,1.0,0.0,1.0,0.0,0.0,35.0,10.0,0.0
2272,29.0,0.0,226941.0,3.0,10.0,1.0,1.0,0.0,0.0,0.0,55.0,0.0,0.0
43108,37.0,0.0,37778.0,11.0,11.0,1.0,1.0,0.0,0.0,0.0,54.0,0.0,0.0
14671,41.0,5.0,119721.0,3.0,10.0,1.0,1.0,0.0,0.0,0.0,40.0,0.0,1.0
48775,82.0,2.0,403910.0,1.0,9.0,0.0,1.0,0.0,0.0,0.0,3.0,0.0,0.0
27260,35.0,4.0,105138.0,5.0,15.0,1.0,1.0,0.0,0.0,0.0,55.0,0.0,0.0
40988,49.0,0.0,188515.0,3.0,10.0,3.0,1.0,1.0,0.0,0.0,40.0,0.0,0.0
7887,28.0,0.0,399123.0,1.0,9.0,0.0,0.0,0.0,0.0,0.0,40.0,0.0,0.0
46671,46.0,0.0,154405.0,4.0,6.0,1.0,0.0,0.0,0.0,0.0,45.0,0.0,0.0
13172,30.0,0.0,176862.0,11.0,11.0,1.0,1.0,0.0,0.0,0.0,40.0,0.0,0.0
39333,68.0,0.0,170376.0,7.0,13.0,1.0,1.0,0.0,0.0,0.0,40.0,0.0,1.0
34090,49.0,0.0,120629.0,7.0,13.0,3.0,0.0,1.0,27828.0,0.0,60.0,0.0,1.0
27062,58.0,3.0,203039.0,12.0,5.0,4.0,1.0,0.0,0.0,0.0,40.0,0.0,0.0
46446,33.0,0.0,122672.0,1.0,9.0,1.0,1.0,0.0,0.0,0.0,50.0,0.0,0.0
18801,36.0,3.0,233533.0,3.0,10.0,1.0,1.0,0.0,0.0,0.0,60.0,0.0,1.0
13186,40.0,1.0,161475.0,1.0,9.0,1.0,0.0,1.0,0.0,0.0,75.0,0.0,0.0
5903,32.0,0.0,129020.0,7.0,13.0,1.0,1.0,0.0,0.0,0.0,40.0,0.0,0.0
43825,23.0,0.0,228230.0,3.0,10.0,1.0,1.0,1.0,0.0,0.0,47.0,0.0,0.0
15262,50.0,6.0,262777.0,8.0,14.0,4.0,2.0,0.0,0.0,0.0,45.0,27.0,0.0
36779,28.0,0.0,115549.0,3.0,10.0,0.0,1.0,0.0,0.0,0.0,60.0,0.0,0.0
7369,33.0,0.0,37646.0,7.0,13.0,1.0,1.0,0.0,0.0,0.0,60.0,0.0,0.0
4998,50.0,2.0,28765.0,8.0,14.0,1.0,1.0,0.0,0.0,0.0,40.0,0.0,1.0
13391,17.0,0.0,152710.0,0.0,7.0,0.0,1.0,1.0,0.0,0.0,20.0,0.0,0.0
43199,29.0,1.0,214385.0,0.0,7.0,3.0,0.0,1.0,0.0,0.0,20.0,0.0,0.0
45866,46.0,5.0,178686.0,7.0,13.0,1.0,1.0,0.0,0.0,0.0,38.0,0.0,1.0
9695,38.0,6.0,298539.0,1.0,9.0,0.0,1.0,0.0,0.0,0.0,50.0,0.0,0.0
8226,65.0,4.0,190160.0,3.0,10.0,2.0,1.0,0.0,0.0,1944.0,20.0,19.0,0.0
30381,28.0,0.0,292536.0,3.0,10.0,0.0,1.0,0.0,0.0,0.0,50.0,0.0,0.0
10391,51.0,6.0,182211.0,3.0,10.0,3.0,1.0,1.0,0.0,0.0,70.0,0.0,0.0
15856,57.0,2.0,123632.0,7.0,13.0,0.0,0.0,1.0,0.0,0.0,35.0,0.0,0.0
997,22.0,0.0,152328.0,3.0,10.0,0.0,1.0,0.0,0.0,0.0,40.0,0.0,0.0
16920,52.0,3.0,289436.0,9.0,16.0,1.0,1.0,0.0,0.0,0.0,60.0,0.0,1.0
32686,32.0,0.0,106742.0,1.0,9.0,1.0,1.0,0.0,0.0,0.0,40.0,0.0,0.0
23040,31.0,0.0,48588.0,3.0,10.0,1.0,1.0,0.0,0.0,0.0,40.0,0.0,0.0
26425,51.0,6.0,167793.0,7.0,13.0,1.0,1.0,0.0,15024.0,0.0,40.0,0.0,1.0
13055,20.0,0.0,230482.0,12.0,5.0,0.0,1.0,0.0,0.0,0.0,40.0,0.0,0.0
2758,47.0,0.0,70209.0,1.0,9.0,3.0,1.0,1.0,0.0,0.0,40.0,0.0,0.0
20024,29.0,0.0,31166.0,1.0,9.0,3.0,3.0,1.0,0.0,0.0,30.0,7.0,0.0
24161,52.0,0.0,127749.0,1.0,9.0,1.0,1.0,0.0,0.0,0.0,50.0,0.0,0.0
7146,52.0,0.0,227832.0,7.0,13.0,1.0,1.0,0.0,0.0,0.0,50.0,0.0,1.0
14185,48.0,0.0,164984.0,1.0,9.0,1.0,1.0,0.0,0.0,0.0,40.0,0.0,1.0
10664,35.0,0.0,350169.0,1.0,9.0,3.0,1.0,1.0,0.0,0.0,38.0,16.0,0.0
19348,41.0,1.0,51111.0,7.0,13.0,2.0,1.0,1.0,0.0,0.0,40.0,0.0,0.0
32228,29.0,1.0,280344.0,3.0,10.0,1.0,1.0,0.0,0.0,0.0,40.0,0.0,0.0
23135,43.0,0.0,199191.0,3.0,10.0,0.0,1.0,1.0,0.0,0.0,50.0,0.0,0.0
25555,59.0,3.0,357943.0,7.0,13.0,1.0,1.0,0.0,0.0,0.0,40.0,0.0,1.0
7080,53.0,0.0,171058.0,3.0,10.0,3.0,1.0,1.0,0.0,0.0,40.0,0.0,0.0
36731,42.0,3.0,217826.0,1.0,9.0,1.0,0.0,0.0,0.0,0.0,25.0,32.0,0.0
6753,57.0,0.0,123515.0,11.0,11.0,0.0,1.0,1.0,0.0,0.0,40.0,0.0,0.0
9507,38.0,0.0,275338.0,3.0,10.0,0.0,1.0,1.0,0.0,0.0,45.0,0.0,0.0
21812,31.0,3.0,349148.0,3.0,10.0,1.0,1.0,0.0,0.0,0.0,48.0,0.0,0.0
16727,44.0,0.0,290521.0,1.0,9.0,2.0,0.0,1.0,0.0,0.0,40.0,0.0,0.0
37507,47.0,0.0,202812.0,8.0,14.0,1.0,1.0,0.0,0.0,0.0,40.0,1.0,1.0
30951,22.0,0.0,215395.0,1.0,9.0,0.0,1.0,0.0,0.0,0.0,37.0,0.0,0.0
46560,29.0,0.0,375482.0,7.0,13.0,0.0,1.0,0.0,0.0,0.0,50.0,21.0,0.0
20486,25.0,0.0,73895.0,1.0,9.0,0.0,1.0,1.0,0.0,0.0,10.0,0.0,0.0
44989,19.0,0.0,55284.0,1.0,9.0,0.0,1.0,1.0,0.0,0.0,25.0,0.0,0.0
27674,59.0,1.0,114401.0,1.0,9.0,2.0,1.0,1.0,0.0,1504.0,19.0,0.0,0.0
15654,60.0,2.0,225894.0,15.0,1.0,2.0,1.0,1.0,0.0,0.0,40.0,3.0,0.0
16372,37.0,0.0,286730.0,3.0,10.0,3.0,1.0,1.0,0.0,0.0,40.0,0.0,0.0
9520,48.0,0.0,146497.0,7.0,13.0,1.0,1.0,1.0,0.0,0.0,50.0,0.0,1.0
35561,49.0,3.0,107597.0,1.0,9.0,3.0,1.0,1.0,14084.0,0.0,30.0,0.0,1.0
39480,20.0,0.0,243010.0,1.0,9.0,0.0,3.0,0.0,0.0,0.0,32.0,0.0,0.0
44368,41.0,3.0,153132.0,5.0,15.0,1.0,1.0,0.0,15024.0,0.0,40.0,0.0,1.0
42341,52.0,1.0,155141.0,9.0,16.0,1.0,1.0,1.0,0.0,0.0,40.0,0.0,1.0
32553,63.0,0.0,172740.0,3.0,10.0,1.0,1.0,0.0,0.0,0.0,40.0,0.0,0.0
26159,28.0,1.0,185647.0,3.0,10.0,1.0,1.0,0.0,0.0,0.0,48.0,0.0,0.0
13634,39.0,0.0,82726.0,3.0,10.0,1.0,1.0,1.0,0.0,0.0,40.0,0.0,0.0
42845,43.0,0.0,240504.0,1.0,9.0,1.0,1.0,0.0,0.0,0.0,40.0,0.0,0.0
6871,19.0,0.0,238383.0,4.0,6.0,0.0,1.0,0.0,0.0,0.0,40.0,0.0,0.0
38559,27.0,0.0,177119.0,3.0,10.0,3.0,1.0,1.0,0.0,0.0,44.0,0.0,0.0
14386,19.0,3.0,242965.0,3.0,10.0,0.0,1.0,1.0,0.0,0.0,24.0,0.0,0.0
42511,54.0,0.0,329733.0,1.0,9.0,0.0,1.0,0.0,0.0,0.0,40.0,0.0,1.0
28736,56.0,0.0,98809.0,6.0,4.0,1.0,1.0,1.0,5013.0,0.0,45.0,0.0,0.0
5721,36.0,0.0,428251.0,7.0,13.0,0.0,1.0,0.0,0.0,0.0,40.0,0.0,0.0
23714,23.0,1.0,496382.0,3.0,10.0,5.0,1.0,1.0,0.0,0.0,40.0,3.0,0.0
9143,25.0,0.0,225865.0,1.0,9.0,0.0,1.0,1.0,0.0,0.0,50.0,0.0,0.0
23894,46.0,1.0,375675.0,13.0,8.0,1.0,1.0,0.0,0.0,0.0,35.0,0.0,1.0
20781,35.0,2.0,296738.0,0.0,7.0,4.0,1.0,1.0,6849.0,0.0,60.0,0.0,0.0
28745,27.0,0.0,101709.0,1.0,9.0,0.0,2.0,0.0,0.0,0.0,40.0,0.0,0.0
12810,33.0,4.0,344073.0,7.0,13.0,0.0,1.0,0.0,0.0,1408.0,50.0,0.0,0.0
27983,44.0,0.0,222434.0,1.0,9.0,3.0,1.0,0.0,0.0,0.0,40.0,0.0,0.0
5612,26.0,0.0,31558.0,7.0,13.0,1.0,1.0,0.0,0.0,0.0,90.0,0.0,1.0
29820,39.0,3.0,190023.0,7.0,13.0,1.0,1.0,0.0,0.0,0.0,60.0,0.0,0.0
48248,44.0,0.0,147110.0,3.0,10.0,3.0,1.0,0.0,14344.0,0.0,40.0,0.0,1.0
18396,21.0,5.0,181761.0,3.0,10.0,0.0,1.0,1.0,0.0,0.0,10.0,0.0,0.0
10773,36.0,0.0,240755.0,12.0,5.0,1.0,1.0,0.0,0.0,0.0,60.0,0.0,0.0
31457,74.0,2.0,292627.0,14.0,2.0,1.0,0.0,0.0,0.0,0.0,40.0,0.0,0.0
21239,20.0,2.0,293136.0,3.0,10.0,0.0,1.0,1.0,0.0,0.0,35.0,0.0,0.0
12005,43.0,3.0,37869.0,7.0,13.0,1.0,1.0,0.0,0.0,1977.0,40.0,0.0,1.0
27796,69.0,0.0,370837.0,7.0,13.0,3.0,1.0,0.0,0.0,0.0,40.0,0.0,0.0
25360,39.0,6.0,216473.0,7.0,13.0,1.0,1.0,0.0,0.0,0.0,60.0,0.0,1.0
29963,52.0,0.0,117295.0,14.0,2.0,1.0,1.0,0.0,0.0,0.0,50.0,0.0,1.0
41788,28.0,0.0,227104.0,3.0,10.0,3.0,1.0,0.0,0.0,0.0,30.0,0.0,0.0
32930,39.0,1.0,132879.0,7.0,13.0,1.0,1.0,0.0,0.0,1887.0,40.0,0.0,1.0
46318,30.0,3.0,85708.0,1.0,9.0,1.0,1.0,0.0,0.0,0.0,40.0,0.0,0.0
14568,81.0,6.0,51646.0,3.0,10.0,1.0,1.0,0.0,0.0,2174.0,35.0,0.0,1.0
30398,41.0,0.0,320984.0,5.0,15.0,1.0,1.0,0.0,99999.0,0.0,65.0,0.0,1.0
14110,25.0,0.0,401241.0,3.0,10.0,0.0,1.0,1.0,4416.0,0.0,25.0,0.0,0.0
25175,43.0,0.0,37402.0,8.0,14.0,0.0,1.0,1.0,0.0,0.0,25.0,0.0,0.0
27512,23.0,0.0,170482.0,3.0,10.0,0.0,1.0,0.0,0.0,0.0,45.0,0.0,0.0
25060,36.0,0.0,79649.0,3.0,10.0,1.0,1.0,0.0,0.0,0.0,40.0,0.0,0.0
40728,60.0,4.0,129379.0,3.0,10.0,1.0,1.0,0.0,0.0,0.0,40.0,0.0,0.0
24144,31.0,0.0,220690.0,3.0,10.0,3.0,1.0,0.0,0.0,0.0,80.0,0.0,0.0
20283,28.0,0.0,157391.0,7.0,13.0,0.0,1.0,1.0,0.0,0.0,40.0,0.0,0.0
36439,42.0,0.0,196626.0,6.0,4.0,1.0,1.0,0.0,0.0,0.0,40.0,0.0,0.0
20685,47.0,0.0,368561.0,3.0,10.0,1.0,1.0,0.0,0.0,0.0,40.0,0.0,1.0
462,39.0,0.0,205338.0,7.0,13.0,1.0,1.0,0.0,0.0,0.0,60.0,0.0,0.0
21099,20.0,2.0,202994.0,3.0,10.0,0.0,1.0,1.0,0.0,0.0,16.0,0.0,0.0
19466,35.0,0.0,191502.0,7.0,13.0,1.0,1.0,0.0,0.0,0.0,60.0,0.0,1.0
23860,41.0,2.0,277390.0,7.0,13.0,1.0,1.0,1.0,0.0,0.0,30.0,0.0,1.0
45708,75.0,3.0,213349.0,1.0,9.0,1.0,1.0,0.0,0.0,0.0,20.0,0.0,0.0
33758,32.0,0.0,177531.0,4.0,6.0,3.0,0.0,1.0,0.0,0.0,23.0,0.0,0.0
21314,42.0,6.0,123838.0,5.0,15.0,1.0,1.0,0.0,0.0,1977.0,50.0,0.0,1.0
37368,70.0,0.0,280307.0,7.0,13.0,1.0,1.0,0.0,0.0,0.0,20.0,22.0,0.0
48309,44.0,1.0,203761.0,7.0,13.0,1.0,1.0,0.0,0.0,0.0,40.0,0.0,1.0
42481,30.0,0.0,342709.0,1.0,9.0,1.0,1.0,0.0,0.0,0.0,40.0,0.0,0.0
16726,20.0,0.0,298227.0,3.0,10.0,0.0,1.0,0.0,0.0,0.0,35.0,0.0,0.0
44558,20.0,0.0,48121.0,1.0,9.0,0.0,1.0,0.0,0.0,0.0,40.0,0.0,0.0
41848,25.0,0.0,132683.0,1.0,9.0,0.0,1.0,1.0,0.0,0.0,50.0,0.0,0.0
41050,19.0,0.0,175507.0,1.0,9.0,0.0,1.0,1.0,0.0,0.0,30.0,0.0,0.0
39203,60.0,5.0,198815.0,2.0,12.0,1.0,1.0,0.0,0.0,0.0,20.0,4.0,0.0
15111,41.0,0.0,227065.0,1.0,9.0,0.0,1.0,0.0,0.0,0.0,40.0,0.0,0.0
7995,22.0,0.0,227603.0,3.0,10.0,0.0,1.0,1.0,0.0,0.0,30.0,0.0,0.0
30843,38.0,0.0,220237.0,11.0,11.0,1.0,1.0,0.0,0.0,0.0,40.0,1.0,1.0
32381,25.0,4.0,50053.0,7.0,13.0,0.0,1.0,0.0,0.0,0.0,45.0,0.0,0.0
48436,23.0,0.0,142766.0,3.0,10.0,0.0,1.0,0.0,1055.0,0.0,20.0,0.0,0.0
23180,26.0,0.0,410240.0,0.0,7.0,0.0,1.0,0.0,0.0,0.0,40.0,0.0,0.0
2244,38.0,0.0,297767.0,8.0,14.0,1.0,0.0,0.0,0.0,0.0,40.0,0.0,0.0
14847,26.0,0.0,414916.0,1.0,9.0,0.0,1.0,0.0,0.0,0.0,40.0,0.0,0.0
14718,29.0,0.0,128666.0,1.0,9.0,1.0,1.0,0.0,0.0,0.0,40.0,0.0,0.0
27666,39.0,0.0,56269.0,3.0,10.0,0.0,0.0,0.0,0.0,0.0,40.0,0.0,0.0
25776,49.0,0.0,218676.0,3.0,10.0,1.0,1.0,0.0,0.0,0.0,43.0,0.0,0.0
32232,31.0,0.0,158545.0,1.0,9.0,1.0,1.0,1.0,0.0,0.0,27.0,0.0,0.0
2760,23.0,2.0,164732.0,3.0,10.0,0.0,1.0,0.0,0.0,0.0,10.0,0.0,0.0
6979,81.0,3.0,218521.0,6.0,4.0,1.0,1.0,0.0,0.0,0.0,21.0,0.0,0.0
22256,62.0,0.0,368476.0,10.0,3.0,1.0,1.0,0.0,0.0,0.0,24.0,4.0,0.0
48015,71.0,3.0,78786.0,6.0,4.0,1.0,1.0,0.0,0.0,0.0,10.0,0.0,0.0
2525,34.0,0.0,233729.0,2.0,12.0,1.0,0.0,0.0,0.0,0.0,50.0,0.0,1.0
20372,33.0,0.0,288825.0,1.0,9.0,3.0,1.0,0.0,0.0,2258.0,84.0,0.0,0.0
38554,61.0,4.0,197311.0,8.0,14.0,2.0,1.0,1.0,0.0,0.0,40.0,0.0,0.0
38070,34.0,0.0,226385.0,8.0,14.0,3.0,0.0,1.0,0.0,0.0,40.0,0.0,0.0
26311,35.0,0.0,110402.0,0.0,7.0,1.0,1.0,0.0,0.0,0.0,35.0,0.0,0.0
5054,52.0,0.0,172511.0,8.0,14.0,1.0,1.0,0.0,0.0,0.0,36.0,0.0,0.0
36153,51.0,0.0,70767.0,1.0,9.0,1.0,1.0,1.0,0.0,0.0,40.0,0.0,0.0
22003,27.0,0.0,366066.0,2.0,12.0,0.0,1.0,1.0,0.0,0.0,40.0,0.0,0.0
31149,19.0,0.0,184737.0,1.0,9.0,0.0,1.0,1.0,0.0,1721.0,40.0,0.0,0.0
43982,38.0,5.0,108293.0,8.0,14.0,0.0,1.0,1.0,0.0,0.0,40.0,0.0,0.0
35268,48.0,0.0,182541.0,7.0,13.0,1.0,1.0,0.0,15024.0,0.0,45.0,0.0,1.0
6699,23.0,0.0,494371.0,1.0,9.0,0.0,1.0,0.0,0.0,0.0,40.0,0.0,0.0
9645,29.0,0.0,161615.0,1.0,9.0,0.0,1.0,0.0,0.0,0.0,40.0,0.0,0.0
40546,37.0,5.0,270278.0,1.0,9.0,3.0,1.0,1.0,0.0,0.0,12.0,12.0,0.0
32229,54.0,5.0,188809.0,9.0,16.0,0.0,1.0,1.0,0.0,0.0,50.0,0.0,1.0
2196,25.0,0.0,179255.0,3.0,10.0,0.0,1.0,1.0,0.0,0.0,25.0,0.0,0.0
16798,20.0,2.0,214635.0,3.0,10.0,0.0,1.0,0.0,0.0,0.0,24.0,0.0,0.0
5934,27.0,1.0,106179.0,7.0,13.0,5.0,1.0,1.0,0.0,0.0,50.0,0.0,0.0
45304,28.0,0.0,138692.0,3.0,10.0,0.0,1.0,0.0,0.0,0.0,50.0,0.0,0.0
818,21.0,0.0,243368.0,15.0,1.0,0.0,1.0,0.0,0.0,0.0,25.0,4.0,0.0
47097,22.0,0.0,291979.0,0.0,7.0,4.0,1.0,0.0,0.0,0.0,40.0,0.0,0.0
2120,41.0,0.0,231507.0,1.0,9.0,3.0,1.0,1.0,0.0,0.0,40.0,0.0,0.0
21792,48.0,0.0,94461.0,1.0,9.0,2.0,1.0,1.0,0.0,0.0,16.0,0.0,0.0
46997,18.0,0.0,206008.0,3.0,10.0,0.0,1.0,0.0,2176.0,0.0,40.0,0.0,0.0
42593,63.0,2.0,257659.0,8.0,14.0,0.0,1.0,1.0,0.0,0.0,3.0,0.0,0.0
34824,29.0,0.0,255949.0,7.0,13.0,0.0,0.0,0.0,0.0,0.0,40.0,0.0,0.0
10423,34.0,0.0,159442.0,1.0,9.0,0.0,1.0,1.0,0.0,0.0,37.0,6.0,1.0
10516,28.0,0.0,285897.0,7.0,13.0,1.0,1.0,0.0,0.0,0.0,40.0,0.0,0.0
36816,35.0,1.0,300681.0,1.0,9.0,1.0,0.0,0.0,7298.0,0.0,35.0,0.0,1.0
6870,21.0,0.0,191789.0,3.0,10.0,0.0,1.0,1.0,0.0,0.0,10.0,1.0,0.0
41350,47.0,0.0,201699.0,2.0,12.0,1.0,1.0,0.0,5178.0,0.0,50.0,0.0,1.0
33144,35.0,0.0,331831.0,7.0,13.0,1.0,1.0,0.0,0.0,0.0,40.0,0.0,0.0
42163,40.0,0.0,64980.0,3.0,10.0,1.0,0.0,0.0,0.0,0.0,55.0,0.0,1.0
11446,29.0,0.0,78261.0,1.0,9.0,4.0,1.0,0.0,0.0,0.0,55.0,0.0,0.0
36976,47.0,5.0,306473.0,2.0,12.0,1.0,1.0,0.0,0.0,0.0,40.0,0.0,0.0
22271,34.0,0.0,45114.0,7.0,13.0,0.0,0.0,1.0,0.0,0.0,40.0,0.0,0.0
13442,33.0,0.0,309582.0,3.0,10.0,1.0,0.0,0.0,7298.0,0.0,50.0,0.0,1.0
31415,25.0,4.0,406955.0,1.0,9.0,0.0,1.0,1.0,0.0,0.0,40.0,0.0,0.0
35392,27.0,0.0,147340.0,3.0,10.0,0.0,1.0,1.0,0.0,0.0,40.0,0.0,0.0
30923,62.0,0.0,114060.0,6.0,4.0,1.0,1.0,0.0,0.0,0.0,91.0,0.0,0.0
4863,34.0,6.0,337995.0,7.0,13.0,3.0,0.0,0.0,15020.0,0.0,50.0,0.0,1.0
13705,59.0,6.0,165695.0,7.0,13.0,1.0,1.0,0.0,0.0,0.0,20.0,0.0,1.0
33535,63.0,4.0,39181.0,9.0,16.0,3.0,1.0,1.0,0.0,2559.0,60.0,0.0,1.0
25570,19.0,0.0,145844.0,2.0,12.0,0.0,1.0,1.0,0.0,0.0,50.0,0.0,0.0
21349,32.0,1.0,255004.0,3.0,10.0,0.0,1.0,0.0,0.0,0.0,40.0,0.0,0.0
22824,75.0,3.0,242108.0,1.0,9.0,3.0,1.0,0.0,2346.0,0.0,15.0,0.0,0.0
9461,59.0,0.0,217747.0,1.0,9.0,1.0,0.0,0.0,0.0,0.0,40.0,0.0,1.0
31569,42.0,0.0,318947.0,1.0,9.0,3.0,1.0,1.0,0.0,0.0,40.0,0.0,0.0
2088,20.0,2.0,323309.0,1.0,9.0,0.0,3.0,0.0,0.0,0.0,60.0,14.0,0.0
45904,51.0,0.0,95329.0,8.0,14.0,3.0,1.0,0.0,0.0,0.0,40.0,0.0,0.0
38711,41.0,1.0,32185.0,8.0,14.0,1.0,1.0,0.0,0.0,0.0,40.0,0.0,1.0
36729,24.0,0.0,188300.0,0.0,7.0,0.0,1.0,1.0,0.0,0.0,40.0,0.0,0.0
3312,37.0,0.0,189382.0,2.0,12.0,3.0,1.0,1.0,0.0,1504.0,40.0,0.0,0.0
40788,57.0,0.0,89182.0,1.0,9.0,2.0,1.0,1.0,0.0,0.0,40.0,0.0,0.0
25675,18.0,0.0,182042.0,0.0,7.0,0.0,1.0,1.0,0.0,0.0,19.0,0.0,0.0
17109,43.0,0.0,233130.0,3.0,10.0,0.0,1.0,0.0,0.0,0.0,25.0,0.0,0.0
40223,43.0,0.0,180096.0,11.0,11.0,1.0,1.0,0.0,0.0,0.0,50.0,0.0,1.0
3243,26.0,6.0,79078.0,1.0,9.0,0.0,1.0,0.0,0.0,0.0,50.0,0.0,0.0
14053,40.0,5.0,132125.0,3.0,10.0,1.0,1.0,0.0,0.0,0.0,40.0,0.0,0.0
14550,26.0,0.0,122485.0,1.0,9.0,0.0,1.0,0.0,4416.0,0.0,40.0,0.0,0.0
25485,37.0,0.0,241998.0,7.0,13.0,1.0,1.0,0.0,0.0,0.0,50.0,0.0,1.0
7909,42.0,0.0,276218.0,7.0,13.0,3.0,1.0,1.0,0.0,0.0,38.0,0.0,0.0
2091,54.0,0.0,288557.0,1.0,9.0,2.0,1.0,1.0,0.0,0.0,46.0,0.0,0.0
13583,39.0,0.0,433592.0,1.0,9.0,1.0,0.0,0.0,0.0,0.0,45.0,0.0,1.0
27098,35.0,0.0,158046.0,3.0,10.0,1.0,1.0,0.0,5013.0,0.0,70.0,0.0,0.0
42133,36.0,3.0,67728.0,7.0,13.0,1.0,1.0,0.0,0.0,0.0,50.0,0.0,1.0
8958,53.0,0.0,183668.0,1.0,9.0,1.0,1.0,0.0,3464.0,0.0,34.0,0.0,0.0
47910,57.0,3.0,79539.0,1.0,9.0,1.0,2.0,0.0,0.0,0.0,40.0,0.0,0.0
14500,28.0,0.0,125791.0,1.0,9.0,0.0,1.0,1.0,0.0,0.0,40.0,0.0,0.0
21765,49.0,0.0,227800.0,6.0,4.0,1.0,1.0,0.0,0.0,0.0,32.0,0.0,0.0
31904,36.0,0.0,233571.0,3.0,10.0,3.0,1.0,1.0,0.0,0.0,4.0,0.0,0.0
8720,36.0,3.0,186934.0,3.0,10.0,1.0,1.0,0.0,0.0,0.0,55.0,0.0,0.0
12698,23.0,2.0,234108.0,3.0,10.0,0.0,1.0,0.0,0.0,0.0,40.0,0.0,0.0
7213,37.0,5.0,318891.0,3.0,10.0,3.0,1.0,1.0,0.0,0.0,40.0,0.0,0.0
48256,25.0,0.0,98155.0,3.0,10.0,0.0,1.0,0.0,0.0,0.0,40.0,0.0,0.0
22736,55.0,0.0,163083.0,8.0,14.0,1.0,1.0,0.0,0.0,0.0,40.0,0.0,1.0
7414,90.0,0.0,227796.0,2.0,12.0,0.0,1.0,0.0,6097.0,0.0,45.0,0.0,1.0
17090,20.0,0.0,138768.0,1.0,9.0,0.0,1.0,0.0,0.0,0.0,30.0,0.0,0.0
14329,24.0,0.0,160968.0,1.0,9.0,0.0,1.0,0.0,0.0,0.0,40.0,0.0,0.0
7708,41.0,0.0,184630.0,7.0,13.0,3.0,1.0,0.0,4416.0,0.0,40.0,0.0,0.0
23070,22.0,0.0,113062.0,7.0,13.0,0.0,1.0,1.0,0.0,0.0,7.0,0.0,0.0
33077,48.0,0.0,83444.0,11.0,11.0,1.0,1.0,0.0,0.0,0.0,43.0,0.0,1.0
48404,44.0,4.0,281739.0,3.0,10.0,0.0,1.0,0.0,13550.0,0.0,50.0,0.0,1.0
23037,20.0,0.0,221661.0,1.0,9.0,1.0,1.0,1.0,0.0,0.0,40.0,4.0,0.0
48695,29.0,0.0,83742.0,1.0,9.0,3.0,1.0,1.0,0.0,0.0,45.0,0.0,0.0
11638,45.0,0.0,166181.0,1.0,9.0,2.0,0.0,1.0,0.0,0.0,25.0,0.0,0.0
10936,39.0,6.0,172927.0,2.0,12.0,1.0,1.0,0.0,15024.0,0.0,50.0,0.0,1.0
10064,40.0,0.0,168294.0,1.0,9.0,1.0,1.0,0.0,0.0,0.0,40.0,0.0,0.0
37118,58.0,1.0,292379.0,7.0,13.0,1.0,1.0,0.0,0.0,0.0,40.0,0.0,0.0
37922,52.0,0.0,167794.0,9.0,16.0,1.0,1.0,0.0,0.0,0.0,38.0,0.0,1.0
31238,23.0,0.0,141323.0,3.0,10.0,0.0,1.0,0.0,0.0,0.0,40.0,0.0,0.0
37533,32.0,3.0,173854.0,7.0,13.0,3.0,1.0,0.0,0.0,0.0,35.0,0.0,1.0
40146,67.0,2.0,200862.0,4.0,6.0,0.0,0.0,1.0,0.0,0.0,35.0,0.0,0.0
26462,43.0,0.0,108945.0,3.0,10.0,0.0,1.0,1.0,0.0,0.0,50.0,0.0,0.0
37633,28.0,0.0,163265.0,12.0,5.0,1.0,1.0,0.0,4508.0,0.0,40.0,0.0,0.0
8126,59.0,0.0,201159.0,13.0,8.0,2.0,1.0,1.0,0.0,0.0,48.0,0.0,0.0
41416,40.0,0.0,46990.0,9.0,16.0,1.0,1.0,1.0,0.0,1977.0,20.0,0.0,1.0
13482,33.0,0.0,178683.0,3.0,10.0,1.0,1.0,0.0,5013.0,0.0,40.0,0.0,0.0
40713,31.0,0.0,231826.0,1.0,9.0,1.0,1.0,0.0,0.0,0.0,52.0,4.0,0.0
26771,46.0,0.0,394860.0,1.0,9.0,1.0,1.0,0.0,0.0,0.0,40.0,0.0,0.0
24051,28.0,5.0,119793.0,3.0,10.0,1.0,1.0,0.0,0.0,0.0,40.0,0.0,0.0
48740,85.0,0.0,98611.0,7.0,13.0,1.0,1.0,0.0,0.0,0.0,3.0,19.0,0.0
36080,31.0,0.0,147654.0,1.0,9.0,0.0,1.0,0.0,0.0,0.0,40.0,0.0,0.0
25571,59.0,0.0,191965.0,0.0,7.0,1.0,1.0,1.0,3908.0,0.0,28.0,0.0,0.0
36350,26.0,1.0,206721.0,7.0,13.0,0.0,1.0,0.0,0.0,0.0,40.0,0.0,0.0
10026,37.0,0.0,178877.0,1.0,9.0,1.0,1.0,0.0,0.0,0.0,45.0,0.0,0.0
33694,28.0,0.0,22422.0,1.0,9.0,0.0,1.0,0.0,0.0,0.0,55.0,0.0,0.0
33149,53.0,0.0,178356.0,2.0,12.0,1.0,1.0,0.0,2407.0,0.0,99.0,0.0,0.0
2743,24.0,0.0,300275.0,1.0,9.0,0.0,1.0,0.0,0.0,0.0,40.0,0.0,0.0
14857,33.0,0.0,145437.0,1.0,9.0,0.0,1.0,0.0,0.0,0.0,43.0,0.0,0.0
35402,44.0,6.0,56651.0,3.0,10.0,1.0,1.0,0.0,7688.0,0.0,45.0,0.0,1.0
10313,39.0,5.0,275300.0,1.0,9.0,1.0,1.0,0.0,0.0,0.0,40.0,4.0,0.0
21406,20.0,0.0,216972.0,1.0,9.0,0.0,1.0,0.0,0.0,0.0,30.0,0.0,0.0
1309,62.0,0.0,101582.0,6.0,4.0,2.0,1.0,1.0,0.0,0.0,35.0,0.0,0.0
18970,22.0,2.0,216563.0,1.0,9.0,0.0,1.0,1.0,0.0,0.0,40.0,0.0,0.0
4583,42.0,0.0,169948.0,3.0,10.0,0.0,1.0,0.0,0.0,0.0,80.0,0.0,1.0
46354,17.0,0.0,116626.0,0.0,7.0,0.0,1.0,0.0,0.0,1719.0,18.0,0.0,0.0
13330,61.0,2.0,244856.0,7.0,13.0,1.0,1.0,0.0,4386.0,0.0,40.0,0.0,1.0
3791,25.0,0.0,405281.0,3.0,10.0,0.0,1.0,0.0,0.0,0.0,40.0,0.0,0.0
5821,28.0,0.0,138976.0,1.0,9.0,0.0,0.0,0.0,0.0,0.0,48.0,0.0,0.0
29236,45.0,0.0,97842.0,3.0,10.0,1.0,1.0,0.0,0.0,0.0,65.0,0.0,0.0
24724,40.0,0.0,104196.0,1.0,9.0,1.0,1.0,0.0,0.0,0.0,40.0,0.0,0.0
35314,21.0,5.0,196827.0,2.0,12.0,0.0,1.0,0.0,0.0,0.0,10.0,0.0,0.0
41557,34.0,3.0,120672.0,6.0,4.0,0.0,0.0,0.0,0.0,0.0,10.0,0.0,0.0
26334,43.0,3.0,225165.0,0.0,7.0,1.0,1.0,0.0,0.0,0.0,55.0,0.0,0.0
33464,51.0,1.0,156003.0,1.0,9.0,3.0,1.0,0.0,0.0,0.0,40.0,0.0,0.0
10270,48.0,2.0,289517.0,3.0,10.0,0.0,1.0,0.0,0.0,0.0,35.0,0.0,0.0
20995,22.0,0.0,74631.0,3.0,10.0,0.0,1.0,1.0,0.0,0.0,13.0,0.0,0.0
7231,23.0,2.0,35633.0,3.0,10.0,0.0,1.0,0.0,0.0,0.0,40.0,1.0,0.0
32909,31.0,0.0,212235.0,3.0,10.0,0.0,1.0,0.0,0.0,0.0,45.0,0.0,0.0
43043,23.0,0.0,184400.0,4.0,6.0,0.0,2.0,0.0,0.0,0.0,30.0,1.0,0.0
38054,23.0,0.0,343019.0,4.0,6.0,0.0,1.0,1.0,0.0,0.0,40.0,0.0,0.0
48246,37.0,0.0,232614.0,1.0,9.0,3.0,0.0,1.0,0.0,0.0,30.0,0.0,0.0
40313,30.0,3.0,79303.0,11.0,11.0,1.0,1.0,0.0,0.0,0.0,60.0,0.0,0.0
207,73.0,1.0,143437.0,1.0,9.0,1.0,1.0,0.0,0.0,0.0,20.0,0.0,0.0
19855,68.0,5.0,235882.0,9.0,16.0,1.0,1.0,0.0,0.0,2377.0,60.0,0.0,1.0
46243,45.0,0.0,43479.0,3.0,10.0,1.0,1.0,0.0,0.0,0.0,48.0,0.0,0.0
36607,26.0,0.0,59367.0,7.0,13.0,0.0,1.0,0.0,0.0,0.0,40.0,0.0,0.0
31997,46.0,0.0,154940.0,3.0,10.0,3.0,1.0,1.0,0.0,0.0,40.0,0.0,0.0
13485,35.0,1.0,42893.0,7.0,13.0,3.0,1.0,1.0,5721.0,0.0,40.0,0.0,0.0
47299,21.0,2.0,403860.0,3.0,10.0,0.0,1.0,0.0,0.0,0.0,40.0,0.0,0.0
14385,30.0,2.0,183746.0,1.0,9.0,0.0,0.0,1.0,0.0,0.0,40.0,0.0,0.0
19767,34.0,2.0,197688.0,1.0,9.0,0.0,0.0,1.0,0.0,0.0,40.0,0.0,0.0
35623,26.0,0.0,266022.0,3.0,10.0,1.0,1.0,0.0,0.0,0.0,50.0,0.0,0.0
46814,50.0,3.0,131982.0,1.0,9.0,1.0,2.0,0.0,0.0,0.0,60.0,14.0,0.0
5955,20.0,0.0,186014.0,1.0,9.0,0.0,1.0,1.0,0.0,0.0,38.0,0.0,0.0
30958,35.0,3.0,216256.0,12.0,5.0,1.0,1.0,0.0,0.0,0.0,50.0,0.0,0.0
8253,32.0,0.0,153353.0,1.0,9.0,1.0,1.0,0.0,0.0,0.0,40.0,0.0,1.0
10040,25.0,0.0,137658.0,3.0,10.0,0.0,1.0,1.0,0.0,0.0,45.0,0.0,0.0
30236,48.0,4.0,188081.0,1.0,9.0,1.0,1.0,0.0,0.0,0.0,40.0,0.0,1.0
1844,35.0,0.0,194404.0,7.0,13.0,1.0,1.0,0.0,0.0,0.0,40.0,0.0,1.0
10581,27.0,4.0,491607.0,3.0,10.0,1.0,0.0,0.0,0.0,0.0,32.0,0.0,0.0
38924,57.0,0.0,61474.0,3.0,10.0,1.0,1.0,0.0,7688.0,0.0,45.0,0.0,1.0
40114,51.0,0.0,57101.0,12.0,5.0,1.0,1.0,0.0,0.0,0.0,40.0,0.0,0.0
24635,35.0,0.0,100375.0,4.0,6.0,3.0,1.0,0.0,0.0,0.0,60.0,0.0,0.0
26062,58.0,0.0,51499.0,11.0,11.0,1.0,1.0,0.0,0.0,0.0,40.0,0.0,0.0
14880,34.0,0.0,29933.0,1.0,9.0,0.0,1.0,0.0,0.0,0.0,40.0,0.0,0.0
13244,53.0,0.0,146325.0,1.0,9.0,3.0,1.0,0.0,0.0,0.0,40.0,0.0,0.0
13194,37.0,0.0,21798.0,1.0,9.0,1.0,1.0,0.0,0.0,0.0,45.0,0.0,1.0
26492,44.0,5.0,244974.0,7.0,13.0,1.0,1.0,0.0,0.0,0.0,44.0,0.0,1.0
5529,22.0,0.0,137320.0,1.0,9.0,0.0,0.0,0.0,0.0,0.0,40.0,0.0,0.0
11439,19.0,0.0,158343.0,3.0,10.0,0.0,1.0,1.0,0.0,0.0,12.0,0.0,0.0
27653,29.0,0.0,205499.0,3.0,10.0,1.0,1.0,0.0,0.0,0.0,45.0,0.0,0.0
46894,18.0,0.0,128538.0,0.0,7.0,0.0,1.0,1.0,0.0,0.0,25.0,0.0,0.0
8801,40.0,0.0,104196.0,7.0,13.0,1.0,1.0,0.0,0.0,0.0,60.0,0.0,1.0
40670,43.0,0.0,152617.0,3.0,10.0,3.0,1.0,1.0,0.0,0.0,40.0,0.0,0.0
23812,36.0,0.0,210945.0,7.0,13.0,1.0,1.0,0.0,0.0,0.0,40.0,0.0,1.0
16394,28.0,0.0,377869.0,3.0,10.0,1.0,1.0,1.0,4064.0,0.0,25.0,0.0,0.0
33479,59.0,3.0,309124.0,1.0,9.0,1.0,1.0,0.0,0.0,0.0,40.0,0.0,1.0
15147,40.0,0.0,235523.0,1.0,9.0,4.0,0.0,1.0,0.0,0.0,40.0,0.0,0.0
32503,40.0,0.0,275446.0,1.0,9.0,0.0,0.0,0.0,0.0,0.0,40.0,0.0,0.0
30255,36.0,1.0,177858.0,7.0,13.0,1.0,1.0,0.0,0.0,0.0,40.0,0.0,0.0
33506,49.0,0.0,239865.0,0.0,7.0,1.0,1.0,0.0,0.0,0.0,40.0,0.0,0.0
32792,22.0,3.0,357612.0,1.0,9.0,1.0,1.0,0.0,0.0,0.0,60.0,0.0,0.0
16363,46.0,0.0,51618.0,1.0,9.0,1.0,1.0,1.0,0.0,0.0,40.0,0.0,0.0
6944,30.0,0.0,202450.0,1.0,9.0,0.0,1.0,0.0,0.0,0.0,40.0,0.0,0.0
38543,25.0,0.0,194342.0,1.0,9.0,0.0,1.0,0.0,0.0,0.0,40.0,0.0,0.0
14722,38.0,4.0,104236.0,2.0,12.0,3.0,1.0,1.0,1471.0,0.0,40.0,0.0,0.0
20191,48.0,0.0,185039.0,1.0,9.0,3.0,1.0,1.0,0.0,0.0,30.0,0.0,0.0
47552,74.0,0.0,54732.0,3.0,10.0,1.0,1.0,0.0,0.0,0.0,20.0,0.0,1.0
46345,23.0,0.0,197666.0,3.0,10.0,0.0,1.0,1.0,0.0,0.0,24.0,37.0,0.0
4422,50.0,3.0,169112.0,3.0,10.0,1.0,1.0,0.0,0.0,0.0,25.0,0.0,0.0
21534,30.0,1.0,154935.0,2.0,12.0,0.0,0.0,0.0,0.0,0.0,40.0,0.0,0.0
33654,28.0,0.0,232653.0,7.0,13.0,1.0,1.0,0.0,0.0,0.0,40.0,0.0,0.0
13860,40.0,4.0,187164.0,7.0,13.0,0.0,1.0,0.0,0.0,0.0,40.0,0.0,0.0
14424,37.0,2.0,111268.0,11.0,11.0,0.0,1.0,1.0,0.0,0.0,32.0,0.0,0.0
40524,21.0,0.0,107452.0,1.0,9.0,0.0,1.0,0.0,0.0,0.0,40.0,0.0,0.0
37801,29.0,0.0,138537.0,11.0,11.0,1.0,2.0,0.0,0.0,0.0,40.0,20.0,0.0
46393,33.0,0.0,183612.0,1.0,9.0,1.0,1.0,0.0,0.0,0.0,20.0,0.0,0.0
48534,42.0,3.0,34037.0,7.0,13.0,0.0,1.0,0.0,0.0,0.0,35.0,0.0,0.0
20752,46.0,0.0,175109.0,1.0,9.0,1.0,1.0,0.0,0.0,1485.0,40.0,0.0,1.0
4763,57.0,0.0,224174.0,11.0,11.0,2.0,0.0,0.0,0.0,0.0,40.0,1.0,0.0
37125,50.0,0.0,108446.0,3.0,10.0,1.0,1.0,0.0,0.0,0.0,40.0,0.0,0.0
28565,38.0,0.0,186934.0,1.0,9.0,1.0,1.0,0.0,0.0,0.0,40.0,0.0,0.0
28726,46.0,0.0,273629.0,8.0,14.0,1.0,1.0,0.0,0.0,0.0,40.0,0.0,1.0
45189,46.0,0.0,176552.0,0.0,7.0,3.0,4.0,0.0,0.0,0.0,40.0,0.0,1.0
16807,42.0,0.0,221172.0,7.0,13.0,1.0,1.0,0.0,0.0,0.0,40.0,0.0,1.0
15240,30.0,0.0,175761.0,0.0,7.0,1.0,1.0,0.0,2580.0,0.0,40.0,0.0,0.0
1988,23.0,0.0,320294.0,3.0,10.0,0.0,1.0,0.0,0.0,0.0,50.0,0.0,0.0
12374,60.0,3.0,197060.0,1.0,9.0,1.0,1.0,0.0,0.0,0.0,30.0,0.0,0.0
723,35.0,3.0,28987.0,12.0,5.0,1.0,4.0,0.0,0.0,0.0,96.0,0.0,0.0
24348,50.0,0.0,210217.0,7.0,13.0,3.0,0.0,0.0,0.0,0.0,40.0,0.0,0.0
35760,59.0,0.0,146391.0,9.0,16.0,1.0,1.0,0.0,0.0,0.0,50.0,0.0,1.0
36696,41.0,0.0,190591.0,2.0,12.0,3.0,0.0,1.0,0.0,0.0,40.0,32.0,0.0
5503,31.0,0.0,103596.0,1.0,9.0,1.0,1.0,0.0,0.0,0.0,55.0,0.0,1.0
45817,42.0,0.0,185764.0,3.0,10.0,1.0,1.0,0.0,0.0,0.0,60.0,0.0,0.0
5317,29.0,0.0,77322.0,1.0,9.0,0.0,1.0,1.0,0.0,0.0,32.0,0.0,0.0
22396,33.0,1.0,34080.0,3.0,10.0,1.0,1.0,0.0,0.0,0.0,40.0,0.0,1.0
45365,46.0,5.0,107231.0,3.0,10.0,1.0,1.0,0.0,0.0,1740.0,40.0,0.0,0.0
5509,35.0,0.0,230279.0,1.0,9.0,0.0,1.0,1.0,0.0,0.0,40.0,0.0,0.0
39723,41.0,0.0,198965.0,1.0,9.0,1.0,1.0,0.0,0.0,0.0,40.0,0.0,0.0
33662,21.0,0.0,65038.0,1.0,9.0,0.0,1.0,0.0,0.0,0.0,40.0,0.0,0.0
14002,41.0,0.0,694105.0,1.0,9.0,0.0,1.0,0.0,0.0,0.0,40.0,0.0,0.0
3826,47.0,1.0,33114.0,0.0,7.0,3.0,4.0,0.0,0.0,0.0,50.0,0.0,0.0
39553,25.0,0.0,109419.0,1.0,9.0,0.0,1.0,1.0,0.0,0.0,40.0,0.0,0.0
32547,46.0,0.0,126513.0,1.0,9.0,4.0,0.0,1.0,0.0,0.0,40.0,1.0,0.0
22841,26.0,5.0,203279.0,5.0,15.0,0.0,2.0,0.0,2463.0,0.0,50.0,17.0,0.0
32251,32.0,0.0,207668.0,1.0,9.0,1.0,1.0,0.0,0.0,0.0,50.0,0.0,0.0
25477,46.0,0.0,153501.0,1.0,9.0,0.0,4.0,0.0,0.0,0.0,40.0,0.0,0.0
8252,48.0,0.0,162187.0,7.0,13.0,1.0,1.0,0.0,0.0,0.0,48.0,0.0,1.0
10576,34.0,0.0,259818.0,1.0,9.0,3.0,0.0,1.0,0.0,0.0,40.0,0.0,0.0
3801,23.0,0.0,275357.0,3.0,10.0,0.0,1.0,1.0,0.0,0.0,35.0,0.0,0.0
8651,36.0,0.0,101192.0,1.0,9.0,1.0,1.0,0.0,0.0,0.0,40.0,0.0,1.0
15859,37.0,0.0,22245.0,3.0,10.0,3.0,1.0,0.0,0.0,0.0,40.0,39.0,0.0
21741,25.0,0.0,191271.0,1.0,9.0,0.0,1.0,1.0,0.0,0.0,40.0,0.0,0.0
48243,27.0,0.0,215873.0,1.0,9.0,0.0,0.0,0.0,0.0,0.0,40.0,0.0,0.0
36781,40.0,6.0,142444.0,7.0,13.0,0.0,1.0,1.0,0.0,0.0,45.0,0.0,0.0
45724,56.0,0.0,271795.0,0.0,7.0,3.0,1.0,0.0,0.0,0.0,49.0,0.0,0.0
33530,32.0,0.0,44677.0,7.0,13.0,0.0,1.0,0.0,0.0,0.0,40.0,0.0,0.0
13127,57.0,0.0,41680.0,3.0,10.0,3.0,0.0,1.0,0.0,0.0,40.0,0.0,0.0
9769,79.0,0.0,160758.0,6.0,4.0,1.0,1.0,0.0,0.0,0.0,15.0,0.0,0.0
40791,50.0,3.0,132716.0,5.0,15.0,1.0,1.0,0.0,99999.0,0.0,50.0,0.0,1.0
29583,27.0,2.0,175552.0,10.0,3.0,1.0,1.0,1.0,0.0,0.0,40.0,4.0,0.0
48476,41.0,0.0,112283.0,1.0,9.0,1.0,1.0,0.0,0.0,0.0,60.0,0.0,1.0
23884,35.0,0.0,196491.0,7.0,13.0,0.0,1.0,0.0,0.0,0.0,50.0,0.0,0.0
34752,43.0,0.0,88233.0,3.0,10.0,1.0,1.0,0.0,0.0,0.0,60.0,0.0,0.0
39530,37.0,1.0,191364.0,2.0,12.0,1.0,1.0,0.0,0.0,0.0,40.0,40.0,1.0
25208,45.0,0.0,201699.0,11.0,11.0,1.0,1.0,0.0,0.0,0.0,40.0,0.0,1.0
48239,45.0,0.0,187901.0,1.0,9.0,3.0,1.0,0.0,0.0,2258.0,44.0,0.0,1.0
29299,32.0,0.0,226975.0,3.0,10.0,0.0,1.0,0.0,0.0,1876.0,60.0,0.0,0.0
442,25.0,0.0,196947.0,7.0,13.0,0.0,1.0,1.0,0.0,0.0,40.0,0.0,0.0
43513,44.0,0.0,247880.0,11.0,11.0,3.0,1.0,0.0,8614.0,0.0,40.0,0.0,1.0
25353,37.0,3.0,268598.0,7.0,13.0,1.0,3.0,0.0,7298.0,0.0,50.0,12.0,1.0
41996,35.0,1.0,182570.0,2.0,12.0,1.0,1.0,0.0,0.0,0.0,40.0,0.0,1.0
40186,26.0,0.0,151810.0,4.0,6.0,0.0,0.0,0.0,0.0,0.0,40.0,0.0,0.0
32030,49.0,4.0,128990.0,7.0,13.0,1.0,1.0,0.0,0.0,0.0,40.0,0.0,1.0
41352,70.0,0.0,90245.0,1.0,9.0,2.0,1.0,1.0,0.0,0.0,5.0,0.0,0.0
13201,21.0,0.0,33432.0,3.0,10.0,0.0,1.0,1.0,0.0,0.0,8.0,0.0,0.0
31714,31.0,0.0,25216.0,7.0,13.0,3.0,1.0,1.0,0.0,0.0,40.0,0.0,0.0
38022,25.0,0.0,262778.0,8.0,14.0,0.0,1.0,1.0,0.0,0.0,37.0,0.0,0.0
42157,62.0,3.0,182998.0,6.0,4.0,1.0,1.0,0.0,0.0,0.0,10.0,0.0,0.0
39703,51.0,6.0,162943.0,5.0,15.0,1.0,1.0,0.0,0.0,0.0,40.0,0.0,1.0
4177,44.0,0.0,195258.0,8.0,14.0,3.0,1.0,0.0,0.0,0.0,50.0,0.0,0.0
6997,35.0,0.0,304001.0,3.0,10.0,1.0,1.0,0.0,0.0,0.0,40.0,0.0,0.0
14659,31.0,0.0,178664.0,3.0,10.0,3.0,1.0,1.0,0.0,0.0,30.0,0.0,0.0
27531,38.0,0.0,127601.0,3.0,10.0,1.0,1.0,1.0,0.0,0.0,35.0,0.0,0.0
32390,43.0,0.0,111895.0,7.0,13.0,1.0,1.0,0.0,0.0,0.0,50.0,0.0,1.0
12250,62.0,0.0,190384.0,1.0,9.0,0.0,0.0,1.0,0.0,0.0,37.0,0.0,0.0
31069,31.0,1.0,128016.0,7.0,13.0,0.0,1.0,1.0,0.0,0.0,40.0,0.0,0.0
18937,18.0,0.0,280298.0,1.0,9.0,0.0,1.0,1.0,0.0,0.0,24.0,0.0,0.0
41154,19.0,0.0,238969.0,1.0,9.0,0.0,1.0,0.0,0.0,0.0,10.0,0.0,0.0
5123,37.0,0.0,184456.0,7.0,13.0,1.0,1.0,0.0,0.0,0.0,40.0,0.0,1.0
30522,40.0,3.0,45093.0,1.0,9.0,3.0,1.0,0.0,0.0,0.0,45.0,25.0,0.0
35733,36.0,0.0,198587.0,7.0,13.0,3.0,1.0,0.0,0.0,0.0,40.0,0.0,0.0
12552,59.0,0.0,159770.0,2.0,12.0,1.0,1.0,0.0,0.0,0.0,40.0,0.0,1.0
36369,48.0,6.0,184787.0,6.0,4.0,1.0,1.0,0.0,0.0,0.0,50.0,0.0,1.0
44963,47.0,0.0,144351.0,1.0,9.0,3.0,1.0,0.0,0.0,625.0,40.0,0.0,0.0
2940,24.0,0.0,113631.0,7.0,13.0,0.0,1.0,0.0,0.0,0.0,40.0,0.0,0.0
45552,35.0,0.0,217274.0,3.0,10.0,1.0,1.0,0.0,0.0,0.0,50.0,0.0,0.0
42787,76.0,0.0,208843.0,6.0,4.0,2.0,1.0,0.0,0.0,0.0,30.0,0.0,0.0
13287,43.0,0.0,343591.0,8.0,14.0,3.0,1.0,1.0,0.0,0.0,50.0,0.0,0.0
39334,56.0,3.0,175964.0,3.0,10.0,3.0,1.0,1.0,0.0,0.0,40.0,0.0,0.0
44331,35.0,0.0,182898.0,1.0,9.0,0.0,1.0,0.0,8614.0,0.0,40.0,0.0,1.0
42239,57.0,5.0,19520.0,9.0,16.0,3.0,1.0,1.0,0.0,0.0,50.0,0.0,0.0
8200,41.0,0.0,718736.0,3.0,10.0,2.0,1.0,1.0,0.0,0.0,40.0,0.0,0.0
4785,37.0,0.0,207066.0,8.0,14.0,1.0,1.0,0.0,0.0,0.0,70.0,0.0,0.0
23906,32.0,0.0,232766.0,3.0,10.0,0.0,1.0,1.0,0.0,0.0,40.0,0.0,0.0
8042,61.0,0.0,29797.0,1.0,9.0,3.0,1.0,1.0,0.0,0.0,40.0,0.0,0.0
22246,42.0,3.0,323790.0,7.0,13.0,1.0,1.0,0.0,0.0,1977.0,70.0,0.0,1.0
21428,17.0,2.0,127003.0,12.0,5.0,0.0,0.0,0.0,0.0,0.0,40.0,0.0,0.0
47294,50.0,0.0,187830.0,8.0,14.0,3.0,1.0,0.0,0.0,0.0,62.0,0.0,1.0
38734,24.0,0.0,379418.0,3.0,10.0,0.0,1.0,1.0,0.0,0.0,40.0,0.0,0.0
10974,35.0,6.0,237713.0,5.0,15.0,1.0,1.0,0.0,0.0,0.0,50.0,0.0,1.0
2061,25.0,0.0,171472.0,11.0,11.0,0.0,1.0,1.0,0.0,0.0,42.0,0.0,0.0
46421,21.0,0.0,149637.0,3.0,10.0,0.0,1.0,1.0,0.0,0.0,25.0,0.0,0.0
3271,32.0,0.0,49398.0,7.0,13.0,4.0,1.0,0.0,10520.0,0.0,40.0,0.0,1.0
9541,60.0,0.0,137490.0,10.0,3.0,4.0,0.0,0.0,0.0,0.0,40.0,0.0,0.0
42480,43.0,1.0,113324.0,7.0,13.0,1.0,1.0,0.0,0.0,0.0,40.0,0.0,1.0
46923,38.0,3.0,67317.0,7.0,13.0,1.0,1.0,0.0,0.0,0.0,60.0,0.0,0.0
3399,32.0,0.0,49593.0,1.0,9.0,0.0,0.0,1.0,0.0,0.0,40.0,0.0,0.0
6064,31.0,2.0,346736.0,1.0,9.0,0.0,1.0,1.0,0.0,0.0,45.0,0.0,0.0
10259,40.0,0.0,206927.0,1.0,9.0,1.0,1.0,0.0,0.0,1887.0,40.0,0.0,1.0
12560,46.0,0.0,143542.0,0.0,7.0,2.0,1.0,0.0,0.0,0.0,20.0,0.0,0.0
40579,56.0,0.0,105281.0,1.0,9.0,2.0,1.0,1.0,0.0,1974.0,40.0,0.0,0.0
42825,43.0,0.0,216497.0,7.0,13.0,3.0,1.0,1.0,0.0,0.0,40.0,7.0,0.0
16845,52.0,3.0,334273.0,7.0,13.0,1.0,1.0,0.0,0.0,0.0,60.0,0.0,1.0
23810,64.0,0.0,256466.0,1.0,9.0,1.0,2.0,0.0,0.0,0.0,60.0,8.0,1.0
21043,31.0,0.0,315128.0,3.0,10.0,0.0,1.0,1.0,0.0,0.0,52.0,0.0,0.0
4909,17.0,0.0,67444.0,0.0,7.0,0.0,0.0,0.0,0.0,0.0,20.0,0.0,0.0
41667,26.0,0.0,98155.0,1.0,9.0,6.0,1.0,0.0,0.0,0.0,55.0,0.0,0.0
36075,32.0,3.0,129497.0,3.0,10.0,1.0,1.0,0.0,0.0,0.0,55.0,0.0,1.0
26616,43.0,0.0,125833.0,7.0,13.0,1.0,2.0,0.0,0.0,0.0,40.0,13.0,0.0
36855,28.0,0.0,221317.0,3.0,10.0,1.0,1.0,0.0,0.0,0.0,40.0,4.0,0.0
31189,19.0,0.0,86150.0,0.0,7.0,0.0,2.0,1.0,0.0,0.0,19.0,8.0,0.0
26266,26.0,0.0,142689.0,7.0,13.0,0.0,1.0,0.0,0.0,0.0,45.0,1.0,0.0
23455,28.0,0.0,107411.0,7.0,13.0,0.0,1.0,1.0,0.0,0.0,35.0,0.0,0.0
35458,23.0,0.0,207415.0,2.0,12.0,1.0,1.0,1.0,0.0,0.0,25.0,0.0,0.0
23548,29.0,0.0,405177.0,4.0,6.0,4.0,1.0,1.0,0.0,0.0,40.0,0.0,0.0
45635,32.0,0.0,210541.0,7.0,13.0,3.0,1.0,1.0,0.0,0.0,30.0,0.0,0.0
19579,25.0,0.0,201413.0,3.0,10.0,0.0,0.0,1.0,0.0,0.0,40.0,0.0,0.0
13153,31.0,0.0,328734.0,8.0,14.0,0.0,1.0,1.0,0.0,0.0,30.0,0.0,0.0
6855,28.0,0.0,145284.0,3.0,10.0,0.0,1.0,0.0,0.0,0.0,40.0,0.0,0.0
24813,20.0,2.0,210029.0,3.0,10.0,0.0,1.0,1.0,0.0,0.0,40.0,0.0,0.0
29122,52.0,0.0,159670.0,2.0,12.0,1.0,1.0,0.0,0.0,0.0,40.0,0.0,0.0
38090,41.0,3.0,26598.0,1.0,9.0,3.0,1.0,0.0,0.0,0.0,40.0,0.0,0.0
35791,55.0,0.0,289257.0,3.0,10.0,1.0,1.0,0.0,0.0,0.0,40.0,0.0,0.0
20037,39.0,0.0,168894.0,7.0,13.0,3.0,1.0,1.0,0.0,0.0,20.0,0.0,0.0
14752,25.0,0.0,255004.0,3.0,10.0,0.0,1.0,0.0,0.0,0.0,30.0,0.0,0.0
30491,54.0,0.0,256908.0,7.0,13.0,1.0,1.0,0.0,0.0,0.0,25.0,0.0,1.0
24468,68.0,0.0,224338.0,11.0,11.0,2.0,1.0,1.0,0.0,0.0,40.0,0.0,0.0
2255,45.0,2.0,69596.0,4.0,6.0,3.0,1.0,1.0,0.0,0.0,40.0,0.0,0.0
29081,50.0,0.0,152810.0,7.0,13.0,1.0,1.0,0.0,0.0,0.0,40.0,0.0,1.0
20943,33.0,1.0,147654.0,11.0,11.0,1.0,1.0,0.0,0.0,0.0,60.0,0.0,0.0
26230,26.0,0.0,137678.0,1.0,9.0,0.0,1.0,0.0,0.0,0.0,40.0,0.0,0.0
37104,34.0,4.0,199934.0,3.0,10.0,1.0,0.0,0.0,0.0,0.0,40.0,0.0,1.0
45682,60.0,0.0,188650.0,10.0,3.0,1.0,1.0,0.0,0.0,0.0,40.0,1.0,1.0
48631,53.0,0.0,291755.0,11.0,11.0,1.0,1.0,0.0,0.0,0.0,40.0,0.0,0.0
27488,65.0,0.0,330144.0,3.0,10.0,1.0,1.0,0.0,0.0,0.0,40.0,0.0,0.0
19501,47.0,6.0,101926.0,7.0,13.0,3.0,1.0,0.0,0.0,0.0,70.0,0.0,1.0
21295,56.0,0.0,119859.0,3.0,10.0,3.0,1.0,0.0,0.0,0.0,40.0,0.0,1.0
19186,53.0,0.0,358056.0,0.0,7.0,3.0,1.0,1.0,0.0,0.0,40.0,0.0,0.0
29471,32.0,0.0,62374.0,11.0,11.0,1.0,1.0,0.0,0.0,0.0,40.0,0.0,0.0
20847,31.0,0.0,379798.0,3.0,10.0,1.0,1.0,0.0,0.0,0.0,40.0,0.0,1.0
10036,18.0,0.0,70021.0,0.0,7.0,0.0,1.0,0.0,0.0,0.0,15.0,0.0,0.0
24204,36.0,0.0,133655.0,1.0,9.0,5.0,1.0,1.0,0.0,0.0,40.0,0.0,0.0
18753,30.0,0.0,432565.0,11.0,11.0,1.0,1.0,1.0,0.0,0.0,40.0,25.0,1.0
16058,52.0,0.0,186224.0,1.0,9.0,1.0,1.0,0.0,0.0,0.0,40.0,0.0,0.0
4213,39.0,0.0,103323.0,7.0,13.0,0.0,1.0,0.0,0.0,1669.0,40.0,0.0,0.0
15288,48.0,0.0,250733.0,3.0,10.0,1.0,1.0,0.0,0.0,0.0,50.0,0.0,0.0
34718,42.0,1.0,328581.0,8.0,14.0,1.0,1.0,0.0,0.0,0.0,55.0,0.0,0.0
40138,42.0,5.0,367292.0,3.0,10.0,1.0,1.0,0.0,0.0,0.0,40.0,0.0,1.0
44247,30.0,1.0,27051.0,3.0,10.0,0.0,1.0,0.0,0.0,0.0,40.0,0.0,0.0
37519,29.0,0.0,140830.0,1.0,9.0,0.0,1.0,1.0,0.0,0.0,40.0,0.0,0.0
21381,37.0,0.0,34378.0,6.0,4.0,1.0,1.0,0.0,2580.0,0.0,60.0,0.0,0.0
35444,19.0,0.0,170800.0,1.0,9.0,0.0,1.0,0.0,0.0,0.0,60.0,0.0,0.0
27962,48.0,0.0,33669.0,3.0,10.0,1.0,1.0,0.0,0.0,0.0,60.0,0.0,0.0
43370,25.0,0.0,182227.0,2.0,12.0,0.0,1.0,0.0,0.0,0.0,55.0,0.0,0.0
23345,56.0,3.0,233312.0,8.0,14.0,1.0,1.0,0.0,0.0,0.0,50.0,0.0,1.0
22834,43.0,1.0,260696.0,7.0,13.0,3.0,1.0,1.0,0.0,0.0,55.0,0.0,0.0
33439,20.0,0.0,352139.0,3.0,10.0,3.0,1.0,1.0,0.0,0.0,29.0,0.0,0.0
27068,76.0,0.0,116202.0,1.0,9.0,2.0,1.0,1.0,0.0,0.0,33.0,0.0,0.0
5129,54.0,0.0,106728.0,7.0,13.0,1.0,1.0,0.0,0.0,0.0,40.0,0.0,0.0
25832,37.0,0.0,277022.0,1.0,9.0,0.0,1.0,1.0,3887.0,0.0,40.0,28.0,0.0
1773,49.0,0.0,141069.0,1.0,9.0,3.0,1.0,1.0,0.0,0.0,40.0,0.0,0.0
23761,45.0,0.0,112362.0,4.0,6.0,1.0,1.0,0.0,0.0,0.0,40.0,0.0,0.0
45101,47.0,0.0,70754.0,1.0,9.0,1.0,1.0,0.0,0.0,0.0,40.0,0.0,0.0
39463,59.0,3.0,128105.0,1.0,9.0,1.0,1.0,0.0,0.0,0.0,35.0,0.0,0.0
5603,56.0,4.0,97213.0,7.0,13.0,0.0,1.0,1.0,0.0,0.0,60.0,0.0,0.0
38735,67.0,3.0,286372.0,7.0,13.0,1.0,1.0,0.0,0.0,0.0,40.0,0.0,0.0
16619,19.0,0.0,104112.0,1.0,9.0,0.0,0.0,0.0,0.0,0.0,30.0,10.0,0.0
21724,33.0,0.0,214635.0,1.0,9.0,1.0,0.0,0.0,0.0,0.0,50.0,0.0,0.0
37823,19.0,0.0,240686.0,0.0,7.0,0.0,1.0,1.0,0.0,0.0,25.0,0.0,0.0
38925,47.0,2.0,99127.0,11.0,11.0,1.0,1.0,0.0,0.0,0.0,40.0,0.0,1.0
36096,45.0,0.0,287190.0,2.0,12.0,3.0,0.0,0.0,0.0,0.0,35.0,0.0,0.0
14575,37.0,0.0,38948.0,1.0,9.0,1.0,1.0,0.0,0.0,0.0,40.0,0.0,1.0
42218,27.0,0.0,252813.0,5.0,15.0,0.0,1.0,1.0,0.0,0.0,45.0,0.0,0.0
4225,55.0,4.0,54566.0,1.0,9.0,1.0,1.0,0.0,0.0,0.0,40.0,0.0,0.0
12924,42.0,0.0,23157.0,7.0,13.0,1.0,1.0,0.0,0.0,0.0,50.0,0.0,1.0
31019,31.0,0.0,188096.0,7.0,13.0,0.0,1.0,1.0,0.0,0.0,72.0,0.0,1.0
2925,18.0,0.0,155503.0,0.0,7.0,0.0,1.0,0.0,0.0,0.0,20.0,0.0,0.0
41203,53.0,1.0,38795.0,12.0,5.0,1.0,1.0,0.0,0.0,0.0,40.0,0.0,0.0
5996,23.0,0.0,32950.0,3.0,10.0,0.0,1.0,0.0,0.0,0.0,40.0,0.0,0.0
3311,54.0,0.0,183668.0,1.0,9.0,1.0,1.0,0.0,0.0,0.0,40.0,0.0,0.0
2232,39.0,0.0,27408.0,1.0,9.0,1.0,1.0,0.0,7298.0,0.0,50.0,0.0,1.0
8310,39.0,0.0,190987.0,11.0,11.0,3.0,1.0,1.0,0.0,0.0,50.0,0.0,0.0
8415,44.0,0.0,54611.0,1.0,9.0,1.0,1.0,0.0,0.0,0.0,40.0,0.0,0.0
47548,39.0,0.0,148903.0,1.0,9.0,3.0,1.0,1.0,4687.0,0.0,50.0,0.0,1.0
10470,33.0,0.0,399531.0,7.0,13.0,1.0,0.0,0.0,0.0,0.0,40.0,0.0,0.0
26212,20.0,4.0,55233.0,3.0,10.0,0.0,1.0,1.0,0.0,0.0,40.0,0.0,0.0
43829,19.0,0.0,97261.0,13.0,8.0,0.0,1.0,0.0,0.0,0.0,40.0,0.0,0.0
13368,42.0,6.0,203233.0,5.0,15.0,1.0,1.0,0.0,99999.0,0.0,99.0,0.0,1.0
45494,25.0,0.0,263773.0,3.0,10.0,1.0,1.0,1.0,0.0,0.0,40.0,0.0,1.0
25394,47.0,4.0,137917.0,3.0,10.0,1.0,0.0,0.0,0.0,0.0,40.0,0.0,1.0
102,22.0,0.0,212261.0,3.0,10.0,0.0,0.0,0.0,0.0,0.0,39.0,0.0,0.0
12504,39.0,0.0,179671.0,4.0,6.0,1.0,1.0,0.0,0.0,0.0,40.0,0.0,0.0
22051,24.0,0.0,248533.0,3.0,10.0,0.0,0.0,1.0,0.0,0.0,40.0,0.0,0.0
21484,17.0,0.0,137042.0,4.0,6.0,0.0,1.0,0.0,0.0,0.0,20.0,0.0,0.0
15029,41.0,0.0,171231.0,3.0,10.0,1.0,1.0,0.0,0.0,0.0,40.0,2.0,0.0
21114,26.0,0.0,154966.0,3.0,10.0,1.0,1.0,0.0,0.0,0.0,50.0,0.0,1.0
5264,42.0,0.0,311920.0,7.0,13.0,1.0,1.0,1.0,0.0,1485.0,17.0,0.0,1.0
46651,46.0,0.0,285750.0,1.0,9.0,1.0,1.0,0.0,4064.0,0.0,55.0,0.0,0.0
36956,35.0,3.0,127930.0,1.0,9.0,5.0,1.0,0.0,0.0,0.0,60.0,0.0,0.0
23322,35.0,0.0,141896.0,13.0,8.0,1.0,1.0,0.0,0.0,0.0,40.0,0.0,0.0
2395,36.0,3.0,165855.0,7.0,13.0,1.0,1.0,0.0,0.0,0.0,40.0,7.0,0.0
3506,18.0,0.0,93985.0,3.0,10.0,0.0,1.0,0.0,0.0,0.0,30.0,0.0,0.0
46555,51.0,6.0,129525.0,1.0,9.0,0.0,1.0,0.0,0.0,0.0,40.0,1.0,0.0
14735,48.0,1.0,273767.0,8.0,14.0,1.0,1.0,1.0,7688.0,0.0,40.0,0.0,1.0
15890,75.0,0.0,71385.0,1.0,9.0,3.0,1.0,1.0,0.0,0.0,20.0,0.0,0.0
46056,42.0,3.0,238188.0,1.0,9.0,1.0,1.0,0.0,0.0,0.0,96.0,0.0,0.0
17378,19.0,2.0,80710.0,1.0,9.0,0.0,1.0,1.0,0.0,0.0,40.0,0.0,0.0
22021,31.0,0.0,273818.0,3.0,10.0,1.0,1.0,0.0,0.0,0.0,55.0,4.0,0.0
35588,29.0,0.0,259226.0,0.0,7.0,0.0,1.0,0.0,0.0,0.0,48.0,0.0,0.0
39696,31.0,2.0,76198.0,1.0,9.0,4.0,1.0,1.0,0.0,0.0,20.0,0.0,0.0
5482,26.0,0.0,250261.0,14.0,2.0,0.0,1.0,0.0,0.0,0.0,55.0,4.0,0.0
16680,52.0,6.0,132178.0,7.0,13.0,1.0,1.0,0.0,0.0,0.0,50.0,0.0,1.0
18945,40.0,0.0,163215.0,7.0,13.0,3.0,1.0,1.0,10520.0,0.0,40.0,0.0,1.0
11734,33.0,0.0,104509.0,7.0,13.0,0.0,1.0,1.0,0.0,0.0,40.0,0.0,0.0
42209,28.0,2.0,303674.0,1.0,9.0,1.0,1.0,1.0,3103.0,0.0,20.0,0.0,0.0
13273,30.0,0.0,329425.0,3.0,10.0,1.0,1.0,0.0,0.0,0.0,40.0,0.0,0.0
16747,52.0,0.0,35598.0,1.0,9.0,3.0,1.0,0.0,0.0,0.0,40.0,0.0,0.0
46487,20.0,2.0,289116.0,3.0,10.0,0.0,1.0,1.0,0.0,0.0,5.0,0.0,0.0
15279,40.0,0.0,100451.0,3.0,10.0,0.0,1.0,0.0,0.0,0.0,40.0,0.0,0.0
27522,46.0,0.0,288608.0,1.0,9.0,0.0,1.0,0.0,0.0,0.0,40.0,0.0,0.0
19203,56.0,0.0,170148.0,1.0,9.0,3.0,0.0,0.0,0.0,0.0,40.0,0.0,0.0
38994,61.0,0.0,162397.0,7.0,13.0,1.0,1.0,0.0,0.0,0.0,40.0,0.0,1.0
2151,53.0,1.0,177063.0,3.0,10.0,1.0,1.0,0.0,0.0,0.0,40.0,0.0,1.0
18303,32.0,0.0,160362.0,3.0,10.0,3.0,1.0,0.0,0.0,0.0,40.0,28.0,0.0
39496,55.0,0.0,104996.0,6.0,4.0,1.0,1.0,0.0,0.0,0.0,50.0,0.0,0.0
25682,36.0,5.0,96468.0,8.0,14.0,0.0,1.0,1.0,0.0,0.0,40.0,0.0,0.0
13006,57.0,0.0,207604.0,6.0,4.0,2.0,1.0,1.0,0.0,0.0,40.0,0.0,0.0
15106,21.0,0.0,119039.0,3.0,10.0,0.0,1.0,1.0,0.0,0.0,18.0,0.0,0.0
283,31.0,0.0,241797.0,3.0,10.0,3.0,1.0,1.0,0.0,0.0,40.0,0.0,0.0
1008,41.0,4.0,171589.0,8.0,14.0,1.0,1.0,0.0,0.0,0.0,50.0,1.0,1.0
43055,37.0,0.0,70562.0,14.0,2.0,0.0,1.0,1.0,0.0,0.0,48.0,11.0,0.0
46720,24.0,0.0,170070.0,1.0,9.0,0.0,1.0,1.0,0.0,0.0,25.0,0.0,0.0
15638,23.0,2.0,223019.0,3.0,10.0,0.0,1.0,1.0,0.0,0.0,35.0,0.0,0.0
38079,50.0,0.0,71898.0,10.0,3.0,1.0,2.0,1.0,0.0,0.0,35.0,8.0,0.0
41995,34.0,0.0,329587.0,4.0,6.0,4.0,1.0,1.0,0.0,0.0,35.0,0.0,0.0
20666,64.0,0.0,159715.0,3.0,10.0,1.0,1.0,0.0,0.0,0.0,20.0,0.0,0.0
4116,34.0,0.0,242704.0,1.0,9.0,0.0,0.0,0.0,0.0,0.0,40.0,0.0,0.0
37103,50.0,6.0,207246.0,3.0,10.0,4.0,1.0,1.0,0.0,0.0,75.0,0.0,0.0
29440,35.0,0.0,70447.0,3.0,10.0,0.0,2.0,0.0,4650.0,0.0,20.0,0.0,0.0
11425,22.0,0.0,97212.0,1.0,9.0,0.0,1.0,1.0,0.0,0.0,15.0,0.0,0.0
8660,38.0,2.0,498411.0,3.0,10.0,1.0,1.0,1.0,0.0,0.0,40.0,0.0,0.0
23503,29.0,0.0,126060.0,1.0,9.0,1.0,1.0,1.0,0.0,0.0,40.0,0.0,1.0
12337,44.0,0.0,152908.0,1.0,9.0,0.0,1.0,1.0,0.0,0.0,40.0,0.0,0.0
36471,36.0,5.0,223020.0,3.0,10.0,3.0,0.0,1.0,0.0,0.0,20.0,0.0,0.0
27483,26.0,0.0,187891.0,1.0,9.0,0.0,0.0,0.0,0.0,0.0,40.0,0.0,0.0
16017,59.0,0.0,532969.0,1.0,9.0,1.0,1.0,0.0,0.0,0.0,40.0,28.0,0.0
48017,22.0,0.0,349368.0,7.0,13.0,0.0,1.0,1.0,0.0,0.0,30.0,0.0,0.0
10872,43.0,0.0,169076.0,1.0,9.0,1.0,0.0,0.0,0.0,0.0,40.0,0.0,0.0
24611,53.0,0.0,20438.0,3.0,10.0,4.0,4.0,1.0,0.0,0.0,15.0,0.0,0.0
15166,46.0,0.0,198660.0,1.0,9.0,3.0,1.0,0.0,0.0,0.0,40.0,0.0,0.0
31630,46.0,4.0,341762.0,7.0,13.0,1.0,1.0,0.0,7688.0,0.0,45.0,0.0,1.0
26800,25.0,0.0,199947.0,1.0,9.0,1.0,1.0,1.0,0.0,0.0,40.0,0.0,0.0
12078,48.0,0.0,287547.0,3.0,10.0,3.0,1.0,1.0,0.0,0.0,40.0,0.0,0.0
1758,56.0,0.0,133876.0,7.0,13.0,1.0,1.0,0.0,0.0,0.0,40.0,0.0,1.0
37296,40.0,0.0,114580.0,1.0,9.0,1.0,1.0,1.0,0.0,0.0,24.0,0.0,1.0
11076,30.0,0.0,224462.0,0.0,7.0,1.0,1.0,0.0,0.0,0.0,50.0,0.0,0.0
3758,50.0,0.0,178946.0,8.0,14.0,1.0,1.0,0.0,0.0,0.0,50.0,0.0,1.0
27369,41.0,3.0,284086.0,11.0,11.0,3.0,1.0,0.0,0.0,0.0,60.0,0.0,0.0
23593,60.0,1.0,232769.0,0.0,7.0,1.0,1.0,0.0,0.0,0.0,20.0,0.0,0.0
30095,23.0,0.0,145389.0,3.0,10.0,1.0,1.0,1.0,0.0,0.0,40.0,0.0,0.0
27660,48.0,0.0,254809.0,4.0,6.0,3.0,1.0,1.0,0.0,1594.0,32.0,0.0,0.0
21271,33.0,3.0,118267.0,2.0,12.0,3.0,1.0,0.0,0.0,0.0,60.0,0.0,0.0
37332,34.0,0.0,113530.0,7.0,13.0,1.0,1.0,0.0,0.0,0.0,40.0,0.0,0.0
17721,50.0,6.0,175339.0,1.0,9.0,1.0,1.0,0.0,0.0,1672.0,60.0,0.0,0.0
2401,53.0,0.0,153064.0,10.0,3.0,1.0,1.0,0.0,7688.0,0.0,10.0,34.0,1.0
47675,39.0,3.0,147850.0,1.0,9.0,1.0,1.0,0.0,0.0,0.0,30.0,0.0,0.0
31613,29.0,0.0,109814.0,7.0,13.0,0.0,1.0,0.0,0.0,0.0,40.0,0.0,0.0
24254,31.0,3.0,286282.0,7.0,13.0,1.0,1.0,1.0,0.0,0.0,20.0,0.0,0.0
17038,33.0,1.0,120064.0,7.0,13.0,0.0,1.0,1.0,0.0,0.0,45.0,0.0,0.0
10251,43.0,0.0,197609.0,3.0,10.0,3.0,1.0,1.0,0.0,0.0,30.0,0.0,0.0
21540,18.0,0.0,130389.0,0.0,7.0,0.0,1.0,0.0,0.0,0.0,20.0,31.0,0.0
34633,47.0,0.0,102569.0,7.0,13.0,1.0,1.0,0.0,0.0,0.0,40.0,0.0,1.0
24222,52.0,0.0,84451.0,11.0,11.0,3.0,1.0,0.0,0.0,0.0,32.0,0.0,0.0
33284,53.0,1.0,205005.0,7.0,13.0,1.0,1.0,1.0,0.0,0.0,60.0,0.0,1.0
25361,20.0,3.0,217404.0,4.0,6.0,0.0,1.0,0.0,0.0,0.0,40.0,0.0,0.0
28074,54.0,2.0,133963.0,1.0,9.0,2.0,1.0,1.0,0.0,0.0,40.0,0.0,0.0
32375,31.0,0.0,236599.0,7.0,13.0,1.0,1.0,0.0,0.0,0.0,45.0,0.0,1.0
34868,23.0,0.0,157951.0,3.0,10.0,0.0,1.0,1.0,0.0,0.0,50.0,0.0,0.0
23675,20.0,0.0,34568.0,1.0,9.0,1.0,1.0,0.0,3781.0,0.0,35.0,0.0,0.0
39290,31.0,2.0,283531.0,1.0,9.0,3.0,0.0,1.0,0.0,0.0,20.0,0.0,0.0
39951,26.0,2.0,208994.0,3.0,10.0,0.0,1.0,0.0,0.0,0.0,12.0,0.0,0.0
47108,57.0,2.0,50248.0,3.0,10.0,1.0,1.0,0.0,0.0,0.0,40.0,0.0,0.0
41293,53.0,0.0,123011.0,8.0,14.0,1.0,1.0,0.0,0.0,0.0,45.0,0.0,1.0
4801,27.0,0.0,104993.0,1.0,9.0,0.0,0.0,0.0,0.0,0.0,40.0,0.0,0.0
29684,24.0,0.0,141003.0,3.0,10.0,0.0,1.0,0.0,0.0,0.0,25.0,0.0,0.0
32458,36.0,0.0,202662.0,8.0,14.0,1.0,1.0,0.0,0.0,0.0,40.0,0.0,1.0
43275,29.0,0.0,144556.0,1.0,9.0,1.0,1.0,0.0,0.0,0.0,45.0,0.0,0.0
32162,30.0,0.0,302473.0,1.0,9.0,0.0,1.0,1.0,0.0,0.0,40.0,0.0,0.0
11307,47.0,0.0,168330.0,1.0,9.0,1.0,1.0,0.0,2829.0,0.0,40.0,0.0,0.0
30800,39.0,0.0,87556.0,8.0,14.0,0.0,1.0,0.0,6849.0,0.0,40.0,0.0,0.0
46774,33.0,0.0,100228.0,3.0,10.0,0.0,0.0,0.0,0.0,0.0,40.0,0.0,0.0
40353,42.0,0.0,106679.0,1.0,9.0,1.0,1.0,0.0,0.0,0.0,50.0,0.0,1.0
36005,38.0,0.0,127865.0,8.0,14.0,0.0,1.0,1.0,0.0,0.0,40.0,0.0,0.0
29229,34.0,4.0,341051.0,8.0,14.0,1.0,1.0,0.0,0.0,0.0,50.0,0.0,1.0
34018,44.0,0.0,248249.0,6.0,4.0,1.0,1.0,0.0,0.0,0.0,50.0,0.0,0.0
30512,20.0,0.0,197752.0,3.0,10.0,0.0,1.0,0.0,0.0,0.0,16.0,0.0,0.0
24958,25.0,0.0,431861.0,1.0,9.0,1.0,1.0,0.0,0.0,0.0,40.0,0.0,0.0
31841,53.0,0.0,268545.0,1.0,9.0,1.0,0.0,0.0,0.0,0.0,40.0,32.0,0.0
8989,21.0,0.0,203715.0,1.0,9.0,0.0,1.0,0.0,0.0,0.0,40.0,0.0,0.0
14624,48.0,3.0,196707.0,9.0,16.0,1.0,1.0,0.0,99999.0,0.0,60.0,0.0,1.0
38912,64.0,3.0,36960.0,1.0,9.0,1.0,1.0,0.0,0.0,0.0,40.0,0.0,1.0
11413,49.0,6.0,140644.0,7.0,13.0,1.0,1.0,0.0,5013.0,0.0,45.0,0.0,0.0
17820,35.0,0.0,265954.0,1.0,9.0,4.0,0.0,0.0,0.0,0.0,40.0,0.0,0.0
19860,21.0,2.0,180303.0,7.0,13.0,0.0,2.0,0.0,0.0,0.0,25.0,1.0,0.0
13580,38.0,3.0,248919.0,7.0,13.0,3.0,1.0,0.0,27828.0,0.0,35.0,0.0,1.0
33856,50.0,1.0,36489.0,4.0,6.0,0.0,1.0,0.0,0.0,0.0,40.0,0.0,0.0
7501,32.0,1.0,318647.0,1.0,9.0,1.0,1.0,0.0,0.0,0.0,36.0,0.0,0.0
4635,67.0,0.0,192995.0,1.0,9.0,2.0,1.0,1.0,6723.0,0.0,40.0,0.0,0.0
14038,35.0,0.0,122493.0,11.0,11.0,1.0,1.0,0.0,0.0,0.0,40.0,0.0,0.0
35267,33.0,3.0,112952.0,3.0,10.0,0.0,1.0,0.0,0.0,0.0,48.0,0.0,0.0
4923,31.0,0.0,168854.0,3.0,10.0,0.0,1.0,0.0,0.0,1504.0,40.0,0.0,0.0
9089,29.0,2.0,225654.0,1.0,9.0,0.0,0.0,0.0,0.0,0.0,40.0,0.0,0.0
22585,58.0,5.0,194068.0,8.0,14.0,1.0,1.0,0.0,0.0,1977.0,50.0,0.0,1.0
33307,36.0,0.0,207853.0,1.0,9.0,3.0,1.0,0.0,0.0,0.0,40.0,0.0,0.0
13235,19.0,0.0,38925.0,0.0,7.0,0.0,1.0,0.0,0.0,0.0,40.0,0.0,0.0
13928,30.0,0.0,175878.0,1.0,9.0,1.0,1.0,0.0,0.0,0.0,42.0,0.0,1.0
40299,52.0,3.0,104501.0,3.0,10.0,1.0,1.0,0.0,0.0,0.0,60.0,0.0,1.0
43563,33.0,0.0,188246.0,8.0,14.0,1.0,1.0,0.0,7298.0,0.0,45.0,0.0,1.0
44600,19.0,0.0,263338.0,1.0,9.0,0.0,1.0,0.0,0.0,0.0,20.0,0.0,0.0
2945,34.0,0.0,379798.0,7.0,13.0,1.0,1.0,0.0,0.0,0.0,60.0,0.0,1.0
29918,31.0,6.0,31740.0,11.0,11.0,1.0,1.0,0.0,0.0,0.0,55.0,0.0,0.0
1924,35.0,0.0,154410.0,7.0,13.0,1.0,1.0,0.0,0.0,1977.0,50.0,0.0,1.0
12177,34.0,0.0,38223.0,11.0,11.0,1.0,1.0,0.0,0.0,0.0,40.0,0.0,0.0
20028,32.0,2.0,640383.0,7.0,13.0,3.0,1.0,1.0,0.0,0.0,40.0,0.0,0.0
16067,44.0,0.0,132921.0,2.0,12.0,0.0,1.0,1.0,0.0,0.0,36.0,0.0,0.0
24182,18.0,0.0,39222.0,0.0,7.0,0.0,1.0,0.0,0.0,0.0,40.0,0.0,0.0
18616,19.0,0.0,43285.0,3.0,10.0,0.0,1.0,1.0,0.0,0.0,20.0,0.0,0.0
28918,70.0,6.0,131699.0,7.0,13.0,3.0,1.0,1.0,0.0,0.0,55.0,0.0,0.0
13905,30.0,0.0,163867.0,1.0,9.0,1.0,1.0,0.0,0.0,0.0,40.0,0.0,0.0
29010,25.0,0.0,102476.0,7.0,13.0,0.0,1.0,0.0,0.0,0.0,50.0,0.0,0.0
9116,25.0,0.0,108505.0,1.0,9.0,0.0,1.0,0.0,0.0,0.0,40.0,0.0,0.0
40011,44.0,0.0,159580.0,13.0,8.0,3.0,1.0,1.0,0.0,0.0,40.0,0.0,0.0
25069,18.0,2.0,276864.0,3.0,10.0,0.0,1.0,1.0,0.0,1602.0,20.0,0.0,0.0
18878,37.0,0.0,269329.0,11.0,11.0,3.0,1.0,1.0,8614.0,0.0,45.0,0.0,1.0
28061,43.0,5.0,129298.0,8.0,14.0,1.0,1.0,0.0,0.0,0.0,40.0,0.0,1.0
15121,46.0,0.0,165468.0,3.0,10.0,1.0,1.0,0.0,0.0,0.0,50.0,0.0,1.0
18237,68.0,0.0,213720.0,1.0,9.0,1.0,1.0,0.0,0.0,0.0,40.0,0.0,0.0
25199,34.0,6.0,314375.0,3.0,10.0,1.0,1.0,0.0,0.0,0.0,60.0,0.0,1.0
31869,60.0,6.0,171315.0,1.0,9.0,3.0,1.0,0.0,0.0,0.0,40.0,0.0,0.0
16709,63.0,6.0,222289.0,1.0,9.0,1.0,1.0,0.0,0.0,0.0,40.0,0.0,1.0
14797,32.0,0.0,246038.0,7.0,13.0,0.0,1.0,0.0,0.0,0.0,40.0,0.0,1.0
24483,36.0,0.0,105021.0,7.0,13.0,1.0,1.0,0.0,0.0,0.0,55.0,0.0,0.0
6157,29.0,1.0,275110.0,3.0,10.0,1.0,0.0,0.0,0.0,0.0,40.0,0.0,0.0
31722,67.0,3.0,268514.0,7.0,13.0,3.0,1.0,0.0,0.0,0.0,40.0,0.0,0.0
25506,28.0,1.0,175262.0,2.0,12.0,1.0,1.0,0.0,0.0,2002.0,40.0,21.0,0.0
27624,37.0,3.0,32239.0,1.0,9.0,3.0,1.0,0.0,27828.0,0.0,40.0,0.0,1.0
4290,23.0,0.0,340543.0,1.0,9.0,4.0,1.0,1.0,0.0,0.0,40.0,0.0,0.0
42418,20.0,2.0,25139.0,3.0,10.0,0.0,1.0,1.0,0.0,0.0,40.0,0.0,0.0
36113,37.0,0.0,434097.0,2.0,12.0,3.0,0.0,0.0,0.0,0.0,40.0,0.0,0.0
39977,29.0,0.0,307812.0,1.0,9.0,1.0,1.0,0.0,0.0,0.0,60.0,0.0,0.0
32998,31.0,0.0,198452.0,7.0,13.0,0.0,1.0,1.0,0.0,0.0,40.0,0.0,0.0
37939,39.0,0.0,186183.0,8.0,14.0,1.0,1.0,0.0,0.0,0.0,40.0,0.0,1.0
21779,43.0,0.0,131435.0,7.0,13.0,3.0,1.0,1.0,0.0,0.0,40.0,0.0,0.0
16377,48.0,3.0,191277.0,9.0,16.0,1.0,1.0,0.0,0.0,1902.0,60.0,0.0,1.0
9232,62.0,5.0,342049.0,1.0,9.0,1.0,1.0,0.0,0.0,0.0,40.0,0.0,0.0
31033,28.0,0.0,91299.0,11.0,11.0,0.0,2.0,1.0,0.0,0.0,45.0,0.0,0.0
13477,23.0,0.0,180339.0,1.0,9.0,4.0,1.0,1.0,0.0,0.0,40.0,0.0,0.0
22370,34.0,0.0,221396.0,3.0,10.0,1.0,1.0,0.0,0.0,0.0,40.0,0.0,0.0
15893,38.0,0.0,336326.0,0.0,7.0,0.0,1.0,0.0,1151.0,0.0,40.0,0.0,0.0
12987,32.0,0.0,187936.0,4.0,6.0,0.0,0.0,1.0,0.0,0.0,50.0,0.0,0.0
2367,32.0,3.0,158603.0,11.0,11.0,0.0,1.0,1.0,0.0,0.0,7.0,0.0,0.0
24545,49.0,0.0,211005.0,3.0,10.0,1.0,0.0,0.0,0.0,0.0,60.0,0.0,0.0
48388,55.0,0.0,168956.0,3.0,10.0,3.0,1.0,1.0,0.0,0.0,40.0,0.0,0.0
14855,23.0,0.0,490645.0,3.0,10.0,1.0,1.0,0.0,2829.0,0.0,42.0,0.0,0.0
5385,60.0,0.0,23336.0,8.0,14.0,3.0,1.0,0.0,0.0,0.0,50.0,0.0,0.0
22400,58.0,0.0,175127.0,13.0,8.0,1.0,1.0,0.0,0.0,0.0,40.0,0.0,0.0
25654,40.0,0.0,224799.0,7.0,13.0,1.0,1.0,0.0,0.0,0.0,45.0,0.0,0.0
10862,34.0,0.0,426431.0,3.0,10.0,1.0,1.0,0.0,0.0,0.0,48.0,0.0,1.0
10457,59.0,6.0,76860.0,10.0,3.0,1.0,2.0,0.0,99999.0,0.0,40.0,27.0,1.0
33521,52.0,0.0,180142.0,8.0,14.0,1.0,1.0,0.0,0.0,0.0,45.0,0.0,0.0
30045,22.0,0.0,187052.0,1.0,9.0,0.0,1.0,1.0,0.0,0.0,40.0,0.0,0.0
38907,39.0,0.0,122032.0,11.0,11.0,0.0,1.0,0.0,0.0,0.0,40.0,0.0,0.0
46022,50.0,0.0,22211.0,8.0,14.0,1.0,1.0,0.0,7688.0,0.0,50.0,0.0,1.0
20724,45.0,0.0,123681.0,1.0,9.0,1.0,1.0,0.0,0.0,0.0,40.0,0.0,1.0
249,44.0,5.0,138634.0,1.0,9.0,1.0,1.0,0.0,0.0,0.0,40.0,0.0,0.0
3367,25.0,0.0,261419.0,7.0,13.0,0.0,1.0,0.0,0.0,0.0,50.0,0.0,0.0
46675,61.0,0.0,172037.0,1.0,9.0,1.0,1.0,0.0,0.0,0.0,40.0,0.0,0.0
4737,36.0,0.0,103925.0,7.0,13.0,0.0,1.0,1.0,0.0,0.0,45.0,7.0,0.0
14274,29.0,5.0,461929.0,3.0,10.0,1.0,1.0,0.0,3103.0,0.0,40.0,0.0,1.0
47045,30.0,0.0,311696.0,0.0,7.0,1.0,0.0,1.0,0.0,0.0,30.0,0.0,0.0
28677,35.0,0.0,267966.0,0.0,7.0,0.0,1.0,0.0,0.0,0.0,50.0,0.0,0.0
5663,50.0,1.0,120521.0,3.0,10.0,1.0,4.0,0.0,0.0,0.0,50.0,0.0,1.0
41099,44.0,1.0,73199.0,11.0,11.0,3.0,2.0,0.0,0.0,0.0,40.0,0.0,0.0
15777,25.0,0.0,184120.0,7.0,13.0,0.0,1.0,0.0,0.0,0.0,45.0,0.0,0.0
35265,61.0,0.0,163393.0,1.0,9.0,1.0,1.0,0.0,0.0,0.0,20.0,0.0,0.0
32289,35.0,5.0,172327.0,7.0,13.0,4.0,1.0,0.0,0.0,0.0,42.0,0.0,0.0
10756,70.0,2.0,98979.0,3.0,10.0,1.0,0.0,0.0,0.0,0.0,20.0,0.0,1.0
39901,47.0,1.0,218596.0,11.0,11.0,3.0,1.0,1.0,0.0,0.0,40.0,0.0,0.0
23705,34.0,0.0,27409.0,12.0,5.0,1.0,1.0,0.0,0.0,0.0,50.0,0.0,0.0
39707,55.0,3.0,278228.0,4.0,6.0,1.0,1.0,0.0,0.0,0.0,35.0,0.0,0.0
24041,20.0,4.0,147352.0,1.0,9.0,0.0,1.0,1.0,0.0,0.0,40.0,0.0,0.0
30726,34.0,0.0,345360.0,7.0,13.0,1.0,1.0,0.0,0.0,0.0,40.0,21.0,0.0
14220,22.0,0.0,86849.0,3.0,10.0,0.0,1.0,1.0,0.0,0.0,20.0,0.0,0.0
16002,35.0,0.0,144200.0,1.0,9.0,0.0,3.0,0.0,0.0,0.0,25.0,15.0,0.0
3559,23.0,0.0,309178.0,1.0,9.0,1.0,1.0,0.0,0.0,0.0,40.0,0.0,0.0
40332,23.0,0.0,293091.0,1.0,9.0,0.0,1.0,0.0,0.0,0.0,30.0,0.0,0.0
12741,45.0,0.0,114774.0,8.0,14.0,3.0,1.0,1.0,0.0,2258.0,55.0,0.0,0.0
17480,50.0,0.0,75472.0,1.0,9.0,1.0,1.0,0.0,4386.0,0.0,40.0,1.0,0.0
43881,39.0,0.0,108140.0,8.0,14.0,1.0,1.0,0.0,0.0,0.0,50.0,0.0,1.0
30542,22.0,0.0,264738.0,1.0,9.0,0.0,1.0,1.0,0.0,0.0,42.0,7.0,0.0
370,23.0,0.0,278390.0,3.0,10.0,1.0,1.0,0.0,0.0,0.0,68.0,0.0,0.0
44645,54.0,0.0,175594.0,1.0,9.0,1.0,1.0,0.0,0.0,0.0,40.0,0.0,0.0
24482,22.0,0.0,208946.0,3.0,10.0,0.0,1.0,0.0,0.0,0.0,25.0,0.0,0.0
18081,28.0,0.0,186792.0,7.0,13.0,1.0,1.0,0.0,0.0,0.0,40.0,0.0,0.0
20344,51.0,0.0,306785.0,1.0,9.0,3.0,1.0,1.0,0.0,0.0,40.0,0.0,0.0
36011,20.0,0.0,266467.0,1.0,9.0,1.0,1.0,0.0,0.0,0.0,40.0,0.0,0.0
14127,22.0,0.0,349198.0,6.0,4.0,0.0,1.0,0.0,0.0,0.0,16.0,0.0,0.0
44126,36.0,0.0,133569.0,14.0,2.0,0.0,1.0,0.0,0.0,0.0,40.0,4.0,0.0
20864,39.0,0.0,82488.0,3.0,10.0,3.0,2.0,1.0,0.0,0.0,38.0,0.0,0.0
42431,64.0,4.0,175534.0,9.0,16.0,1.0,2.0,0.0,0.0,0.0,40.0,27.0,1.0
44611,37.0,0.0,95855.0,1.0,9.0,3.0,1.0,1.0,0.0,0.0,40.0,0.0,0.0
34908,62.0,0.0,24515.0,12.0,5.0,1.0,1.0,0.0,0.0,0.0,40.0,0.0,0.0
21672,31.0,0.0,101562.0,1.0,9.0,1.0,1.0,1.0,0.0,0.0,55.0,0.0,0.0
30814,29.0,1.0,383745.0,3.0,10.0,1.0,1.0,0.0,0.0,1485.0,40.0,0.0,1.0
42597,18.0,0.0,205218.0,3.0,10.0,0.0,1.0,1.0,0.0,0.0,20.0,0.0,0.0
41294,33.0,0.0,119033.0,12.0,5.0,1.0,1.0,0.0,0.0,0.0,40.0,0.0,0.0
23762,83.0,0.0,195507.0,1.0,9.0,2.0,1.0,0.0,0.0,0.0,55.0,0.0,0.0
4498,44.0,0.0,99212.0,3.0,10.0,1.0,1.0,0.0,0.0,0.0,35.0,0.0,0.0
24274,36.0,0.0,106964.0,1.0,9.0,1.0,1.0,0.0,0.0,0.0,40.0,0.0,0.0
28861,65.0,0.0,170012.0,7.0,13.0,1.0,1.0,0.0,0.0,0.0,34.0,0.0,0.0
68,46.0,0.0,170338.0,1.0,9.0,4.0,1.0,0.0,0.0,0.0,40.0,0.0,0.0
25681,38.0,3.0,201328.0,6.0,4.0,1.0,1.0,0.0,0.0,0.0,56.0,0.0,0.0
43883,75.0,6.0,81534.0,1.0,9.0,2.0,2.0,0.0,0.0,0.0,35.0,0.0,1.0
38868,58.0,5.0,280519.0,1.0,9.0,3.0,0.0,0.0,0.0,0.0,40.0,0.0,0.0
14661,20.0,0.0,259301.0,3.0,10.0,0.0,1.0,1.0,0.0,0.0,35.0,0.0,0.0
14164,32.0,0.0,100904.0,3.0,10.0,4.0,3.0,1.0,0.0,0.0,70.0,0.0,0.0
23433,24.0,0.0,33016.0,3.0,10.0,0.0,1.0,0.0,0.0,0.0,40.0,0.0,0.0
43155,40.0,0.0,126701.0,12.0,5.0,0.0,1.0,0.0,0.0,0.0,45.0,0.0,0.0
27640,41.0,0.0,134130.0,7.0,13.0,1.0,1.0,0.0,0.0,0.0,50.0,0.0,1.0
19771,69.0,0.0,88566.0,12.0,5.0,1.0,1.0,0.0,1424.0,0.0,35.0,0.0,0.0
23963,31.0,0.0,248178.0,3.0,10.0,1.0,0.0,0.0,0.0,0.0,35.0,0.0,0.0
6226,27.0,0.0,244751.0,1.0,9.0,0.0,3.0,0.0,0.0,0.0,40.0,0.0,0.0
21497,28.0,0.0,33895.0,7.0,13.0,0.0,1.0,0.0,0.0,0.0,45.0,0.0,0.0
31643,46.0,0.0,160647.0,7.0,13.0,2.0,1.0,1.0,0.0,0.0,38.0,0.0,0.0
7182,29.0,0.0,241607.0,1.0,9.0,0.0,1.0,0.0,2597.0,0.0,40.0,0.0,0.0
37562,62.0,6.0,56248.0,7.0,13.0,1.0,1.0,0.0,0.0,2415.0,60.0,0.0,1.0
25636,51.0,0.0,508891.0,1.0,9.0,3.0,0.0,0.0,0.0,0.0,40.0,0.0,0.0
37007,26.0,0.0,357933.0,3.0,10.0,0.0,1.0,1.0,0.0,0.0,15.0,0.0,0.0
8067,37.0,0.0,342480.0,7.0,13.0,1.0,0.0,0.0,0.0,0.0,40.0,0.0,1.0
29836,43.0,0.0,191814.0,2.0,12.0,1.0,1.0,0.0,7688.0,0.0,50.0,0.0,1.0
23476,27.0,3.0,206889.0,3.0,10.0,1.0,1.0,0.0,0.0,0.0,50.0,0.0,0.0
4647,52.0,0.0,65624.0,2.0,12.0,0.0,2.0,0.0,0.0,0.0,40.0,0.0,0.0
2197,47.0,6.0,337825.0,3.0,10.0,1.0,1.0,0.0,0.0,0.0,45.0,0.0,1.0
